2025-08-05 19:40:04,048 [INFO] [MainThread] [root/log.py:59]: YASB v1.7.9
2025-08-05 19:40:04,048 [INFO] [Thread-1 (_run_server)] [cli_server/cli_server.py:212]: CLI server started v1.1.2
2025-08-05 19:40:04,048 [INFO] [MainThread] [cli_server/cli_server.py:104]: Log pipe server started
2025-08-05 19:40:04,380 [INFO] [MainThread] [root/config.py:64]: Created default config file at C:\Users\Quoopie\.config\yasb\config.yaml
2025-08-05 19:40:04,409 [INFO] [MainThread] [root/config.py:78]: Created default stylesheet at C:\Users\Quoopie\.config\yasb\styles.css
2025-08-05 19:42:06,366 [DEBUG] [MainThread] [tzlocal/win32.py:55]: Looking up time zone info from registry
2025-08-05 19:42:08,188 [ERROR] [MainThread] [root/weather.py:57]: API key or location is missing. Please provide a valid API key and location.
2025-08-05 19:42:08,204 [DEBUG] [MainThread] [comtypes/__init__.py:149]: CoInitializeEx(None, 2)
2025-08-05 19:42:08,949 [INFO] [MainThread] [root/bar_manager.py:74]: Starting KomorebiEventListener...
2025-08-05 19:42:08,949 [INFO] [MainThread] [root/bar_manager.py:74]: Starting WindowsNotificationEventListener...
2025-08-05 19:42:08,949 [INFO] [Dummy-3] [root/event_listener.py:51]: Created named pipe yasb-f2889a77-726e-11f0-a0fe-b0a460cf7848
2025-08-05 19:42:08,949 [INFO] [MainThread] [root/bar_manager.py:74]: Starting SystemEventListener...
2025-08-05 19:42:08,949 [INFO] [MainThread] [root/watcher.py:54]: Created file watcher for path C:\Users\Quoopie\.config\yasb
2025-08-05 19:42:08,984 [DEBUG] [MainThread] [qasync._windows._EventPoller/_windows.py:213]: Starting (proactor: <_IocpProactor overlapped#=0 result#=0>)...
2025-08-05 19:42:08,984 [DEBUG] [Dummy-9] [qasync._windows._EventWorker/_windows.py:192]: Thread started
2025-08-05 19:42:25,272 [INFO] [MainThread] [root/controller.py:15]: Reloading Bar from context menu...
2025-08-05 19:42:25,382 [INFO] [MainThread] [cli_server/cli_server.py:112]: Log pipe server stopped
2025-08-05 19:42:25,382 [DEBUG] [MainThread] [cli_server/cli_server.py:206]: CLI server stopped
2025-08-05 19:42:25,393 [DEBUG] [MainThread] [qasync._windows._EventPoller/_windows.py:218]: Stopping worker thread...
2025-08-05 19:42:25,398 [DEBUG] [Dummy-9] [qasync._windows._EventWorker/_windows.py:201]: Exiting thread
2025-08-05 19:42:25,398 [DEBUG] [MainThread] [qasync._windows._IocpProactor/_windows.py:75]: Closing
2025-08-05 19:42:25,398 [ERROR] [Dummy-16] [root/event_service.py:32]: Failed to emit signal <bound PYQT_SIGNAL window_name_change of ActiveWindowWidget object at 0x000001CE3AC37750>. Removing link to WinEvent.EventObjectStateChange.
2025-08-05 19:42:25,651 [INFO] [MainThread] [root/log.py:59]: YASB v1.7.9
2025-08-05 19:42:25,651 [INFO] [Thread-1 (_run_server)] [cli_server/cli_server.py:212]: CLI server started v1.1.2
2025-08-05 19:42:25,651 [INFO] [MainThread] [cli_server/cli_server.py:104]: Log pipe server started
2025-08-05 19:42:25,809 [DEBUG] [MainThread] [tzlocal/win32.py:55]: Looking up time zone info from registry
2025-08-05 19:42:25,921 [ERROR] [MainThread] [root/weather.py:57]: API key or location is missing. Please provide a valid API key and location.
2025-08-05 19:42:25,921 [DEBUG] [MainThread] [comtypes/__init__.py:149]: CoInitializeEx(None, 2)
2025-08-05 19:42:26,158 [INFO] [MainThread] [root/bar_manager.py:74]: Starting WindowsNotificationEventListener...
2025-08-05 19:42:26,158 [INFO] [MainThread] [root/bar_manager.py:74]: Starting SystemEventListener...
2025-08-05 19:42:26,158 [INFO] [MainThread] [root/bar_manager.py:74]: Starting KomorebiEventListener...
2025-08-05 19:42:26,158 [INFO] [MainThread] [root/watcher.py:54]: Created file watcher for path C:\Users\Quoopie\.config\yasb
2025-08-05 19:42:26,158 [INFO] [Dummy-5] [root/event_listener.py:51]: Created named pipe yasb-fcca96f4-726e-11f0-a91c-b0a460cf7848
2025-08-05 19:42:26,194 [DEBUG] [MainThread] [qasync._windows._EventPoller/_windows.py:213]: Starting (proactor: <_IocpProactor overlapped#=0 result#=0>)...
2025-08-05 19:42:26,194 [DEBUG] [Dummy-9] [qasync._windows._EventWorker/_windows.py:192]: Thread started
2025-08-05 19:42:51,582 [INFO] [Dummy-5] [root/event_listener.py:125]: Komorebi connected to named pipe: yasb-fcca96f4-726e-11f0-a91c-b0a460cf7848
2025-08-05 19:50:24,004 [INFO] [MainThread] [root/controller.py:15]: Reloading Application because of config change.
2025-08-05 19:50:24,115 [INFO] [MainThread] [cli_server/cli_server.py:112]: Log pipe server stopped
2025-08-05 19:50:24,115 [DEBUG] [MainThread] [cli_server/cli_server.py:206]: CLI server stopped
2025-08-05 19:50:24,120 [INFO] [MainThread] [root/bar_manager.py:65]: Successfully loaded updated config and re-initialised all bars.
2025-08-05 19:50:24,121 [DEBUG] [MainThread] [qasync._windows._EventPoller/_windows.py:218]: Stopping worker thread...
2025-08-05 19:50:24,130 [DEBUG] [Dummy-9] [qasync._windows._EventWorker/_windows.py:201]: Exiting thread
2025-08-05 19:50:24,130 [DEBUG] [MainThread] [qasync._windows._IocpProactor/_windows.py:75]: Closing
2025-08-05 19:50:24,392 [INFO] [MainThread] [root/log.py:59]: YASB v1.7.9
2025-08-05 19:50:24,392 [INFO] [Thread-1 (_run_server)] [cli_server/cli_server.py:212]: CLI server started v1.1.2
2025-08-05 19:50:24,392 [INFO] [MainThread] [cli_server/cli_server.py:104]: Log pipe server started
2025-08-05 19:50:24,534 [DEBUG] [MainThread] [tzlocal/win32.py:55]: Looking up time zone info from registry
2025-08-05 19:50:24,653 [ERROR] [MainThread] [root/weather.py:57]: API key or location is missing. Please provide a valid API key and location.
2025-08-05 19:50:24,655 [DEBUG] [MainThread] [comtypes/__init__.py:149]: CoInitializeEx(None, 2)
2025-08-05 19:50:24,909 [INFO] [MainThread] [root/bar_manager.py:74]: Starting WindowsNotificationEventListener...
2025-08-05 19:50:24,909 [INFO] [MainThread] [root/bar_manager.py:74]: Starting KomorebiEventListener...
2025-08-05 19:50:24,910 [INFO] [MainThread] [root/watcher.py:54]: Created file watcher for path C:\Users\Quoopie\.config\yasb
2025-08-05 19:50:24,910 [INFO] [Dummy-5] [root/event_listener.py:51]: Created named pipe yasb-1a261900-7270-11f0-a73f-b0a460cf7848
2025-08-05 19:50:24,940 [DEBUG] [MainThread] [qasync._windows._EventPoller/_windows.py:213]: Starting (proactor: <_IocpProactor overlapped#=0 result#=0>)...
2025-08-05 19:50:24,941 [DEBUG] [Dummy-9] [qasync._windows._EventWorker/_windows.py:192]: Thread started
2025-08-05 19:50:24,993 [INFO] [Dummy-5] [root/event_listener.py:125]: Komorebi connected to named pipe: yasb-1a261900-7270-11f0-a73f-b0a460cf7848
2025-08-05 19:50:45,830 [INFO] [MainThread] [root/controller.py:15]: Reloading Application because of config change.
2025-08-05 19:50:45,941 [INFO] [MainThread] [cli_server/cli_server.py:112]: Log pipe server stopped
2025-08-05 19:50:45,941 [DEBUG] [MainThread] [cli_server/cli_server.py:206]: CLI server stopped
2025-08-05 19:50:45,946 [INFO] [MainThread] [root/bar_manager.py:65]: Successfully loaded updated config and re-initialised all bars.
2025-08-05 19:50:45,946 [DEBUG] [MainThread] [qasync._windows._EventPoller/_windows.py:218]: Stopping worker thread...
2025-08-05 19:50:45,956 [DEBUG] [Dummy-9] [qasync._windows._EventWorker/_windows.py:201]: Exiting thread
2025-08-05 19:50:45,956 [DEBUG] [MainThread] [qasync._windows._IocpProactor/_windows.py:75]: Closing
2025-08-05 19:50:46,202 [INFO] [MainThread] [root/log.py:59]: YASB v1.7.9
2025-08-05 19:50:46,202 [INFO] [Thread-1 (_run_server)] [cli_server/cli_server.py:212]: CLI server started v1.1.2
2025-08-05 19:50:46,203 [INFO] [MainThread] [cli_server/cli_server.py:104]: Log pipe server started
2025-08-05 19:50:46,341 [DEBUG] [MainThread] [tzlocal/win32.py:55]: Looking up time zone info from registry
2025-08-05 19:50:46,454 [ERROR] [MainThread] [root/weather.py:57]: API key or location is missing. Please provide a valid API key and location.
2025-08-05 19:50:46,456 [DEBUG] [MainThread] [comtypes/__init__.py:149]: CoInitializeEx(None, 2)
2025-08-05 19:50:46,703 [INFO] [MainThread] [root/bar_manager.py:74]: Starting KomorebiEventListener...
2025-08-05 19:50:46,703 [INFO] [MainThread] [root/bar_manager.py:74]: Starting WindowsNotificationEventListener...
2025-08-05 19:50:46,704 [INFO] [Dummy-3] [root/event_listener.py:51]: Created named pipe yasb-27239b7f-7270-11f0-bcfe-b0a460cf7848
2025-08-05 19:50:46,704 [INFO] [MainThread] [root/watcher.py:54]: Created file watcher for path C:\Users\Quoopie\.config\yasb
2025-08-05 19:50:46,736 [DEBUG] [MainThread] [qasync._windows._EventPoller/_windows.py:213]: Starting (proactor: <_IocpProactor overlapped#=0 result#=0>)...
2025-08-05 19:50:46,737 [DEBUG] [Dummy-9] [qasync._windows._EventWorker/_windows.py:192]: Thread started
2025-08-05 19:50:46,772 [INFO] [Dummy-3] [root/event_listener.py:125]: Komorebi connected to named pipe: yasb-27239b7f-7270-11f0-bcfe-b0a460cf7848
2025-08-05 19:50:57,324 [INFO] [MainThread] [root/controller.py:15]: Reloading Application because of config change.
2025-08-05 19:50:57,430 [INFO] [MainThread] [cli_server/cli_server.py:112]: Log pipe server stopped
2025-08-05 19:50:57,430 [DEBUG] [MainThread] [cli_server/cli_server.py:206]: CLI server stopped
2025-08-05 19:50:57,435 [INFO] [MainThread] [root/bar_manager.py:65]: Successfully loaded updated config and re-initialised all bars.
2025-08-05 19:50:57,435 [DEBUG] [MainThread] [qasync._windows._EventPoller/_windows.py:218]: Stopping worker thread...
2025-08-05 19:50:57,445 [DEBUG] [Dummy-9] [qasync._windows._EventWorker/_windows.py:201]: Exiting thread
2025-08-05 19:50:57,445 [DEBUG] [MainThread] [qasync._windows._IocpProactor/_windows.py:75]: Closing
2025-08-05 19:50:57,692 [INFO] [MainThread] [root/log.py:59]: YASB v1.7.9
2025-08-05 19:50:57,692 [INFO] [Thread-1 (_run_server)] [cli_server/cli_server.py:212]: CLI server started v1.1.2
2025-08-05 19:50:57,692 [INFO] [MainThread] [cli_server/cli_server.py:104]: Log pipe server started
2025-08-05 19:50:57,831 [DEBUG] [MainThread] [tzlocal/win32.py:55]: Looking up time zone info from registry
2025-08-05 19:50:57,896 [DEBUG] [MainThread] [comtypes/__init__.py:149]: CoInitializeEx(None, 2)
2025-08-05 19:50:58,141 [INFO] [MainThread] [root/bar_manager.py:74]: Starting KomorebiEventListener...
2025-08-05 19:50:58,141 [INFO] [MainThread] [root/bar_manager.py:74]: Starting WindowsNotificationEventListener...
2025-08-05 19:50:58,141 [INFO] [Dummy-3] [root/event_listener.py:51]: Created named pipe yasb-2df4f93c-7270-11f0-923a-b0a460cf7848
2025-08-05 19:50:58,142 [INFO] [MainThread] [root/watcher.py:54]: Created file watcher for path C:\Users\Quoopie\.config\yasb
2025-08-05 19:50:58,175 [DEBUG] [MainThread] [qasync._windows._EventPoller/_windows.py:213]: Starting (proactor: <_IocpProactor overlapped#=0 result#=0>)...
2025-08-05 19:50:58,176 [DEBUG] [Dummy-9] [qasync._windows._EventWorker/_windows.py:192]: Thread started
2025-08-05 19:50:58,210 [INFO] [Dummy-3] [root/event_listener.py:125]: Komorebi connected to named pipe: yasb-2df4f93c-7270-11f0-923a-b0a460cf7848
2025-08-05 19:52:31,269 [INFO] [MainThread] [root/controller.py:15]: Reloading Application because of config change.
2025-08-05 19:52:31,378 [INFO] [MainThread] [cli_server/cli_server.py:112]: Log pipe server stopped
2025-08-05 19:52:31,378 [DEBUG] [MainThread] [cli_server/cli_server.py:206]: CLI server stopped
2025-08-05 19:52:31,383 [INFO] [MainThread] [root/bar_manager.py:65]: Successfully loaded updated config and re-initialised all bars.
2025-08-05 19:52:31,384 [DEBUG] [MainThread] [qasync._windows._EventPoller/_windows.py:218]: Stopping worker thread...
2025-08-05 19:52:31,393 [DEBUG] [Dummy-9] [qasync._windows._EventWorker/_windows.py:201]: Exiting thread
2025-08-05 19:52:31,393 [DEBUG] [MainThread] [qasync._windows._IocpProactor/_windows.py:75]: Closing
2025-08-05 19:52:31,638 [INFO] [MainThread] [root/log.py:59]: YASB v1.7.9
2025-08-05 19:52:31,639 [INFO] [Thread-1 (_run_server)] [cli_server/cli_server.py:212]: CLI server started v1.1.2
2025-08-05 19:52:31,639 [INFO] [MainThread] [cli_server/cli_server.py:104]: Log pipe server started
2025-08-05 19:52:31,778 [DEBUG] [MainThread] [tzlocal/win32.py:55]: Looking up time zone info from registry
2025-08-05 19:52:31,839 [DEBUG] [MainThread] [comtypes/__init__.py:149]: CoInitializeEx(None, 2)
2025-08-05 19:52:32,084 [INFO] [MainThread] [root/bar_manager.py:74]: Starting KomorebiEventListener...
2025-08-05 19:52:32,084 [INFO] [MainThread] [root/bar_manager.py:74]: Starting WindowsNotificationEventListener...
2025-08-05 19:52:32,085 [INFO] [Dummy-3] [root/event_listener.py:51]: Created named pipe yasb-65f37f21-7270-11f0-8c73-b0a460cf7848
2025-08-05 19:52:32,085 [INFO] [MainThread] [root/watcher.py:54]: Created file watcher for path C:\Users\Quoopie\.config\yasb
2025-08-05 19:52:32,118 [DEBUG] [MainThread] [qasync._windows._EventPoller/_windows.py:213]: Starting (proactor: <_IocpProactor overlapped#=0 result#=0>)...
2025-08-05 19:52:32,120 [DEBUG] [Dummy-9] [qasync._windows._EventWorker/_windows.py:192]: Thread started
2025-08-05 19:52:32,152 [INFO] [Dummy-3] [root/event_listener.py:125]: Komorebi connected to named pipe: yasb-65f37f21-7270-11f0-8c73-b0a460cf7848
2025-08-05 19:53:25,033 [INFO] [MainThread] [root/controller.py:15]: Reloading Application because of config change.
2025-08-05 19:53:25,149 [INFO] [MainThread] [cli_server/cli_server.py:112]: Log pipe server stopped
2025-08-05 19:53:25,149 [DEBUG] [MainThread] [cli_server/cli_server.py:206]: CLI server stopped
2025-08-05 19:53:25,155 [INFO] [MainThread] [root/bar_manager.py:65]: Successfully loaded updated config and re-initialised all bars.
2025-08-05 19:53:25,155 [DEBUG] [MainThread] [qasync._windows._EventPoller/_windows.py:218]: Stopping worker thread...
2025-08-05 19:53:25,165 [DEBUG] [Dummy-9] [qasync._windows._EventWorker/_windows.py:201]: Exiting thread
2025-08-05 19:53:25,165 [DEBUG] [MainThread] [qasync._windows._IocpProactor/_windows.py:75]: Closing
2025-08-05 19:53:25,405 [INFO] [MainThread] [root/log.py:59]: YASB v1.7.9
2025-08-05 19:53:25,406 [INFO] [Thread-1 (_run_server)] [cli_server/cli_server.py:212]: CLI server started v1.1.2
2025-08-05 19:53:25,406 [INFO] [MainThread] [cli_server/cli_server.py:104]: Log pipe server started
2025-08-05 19:53:25,539 [DEBUG] [MainThread] [tzlocal/win32.py:55]: Looking up time zone info from registry
2025-08-05 19:53:25,599 [DEBUG] [MainThread] [comtypes/__init__.py:149]: CoInitializeEx(None, 2)
2025-08-05 19:53:25,847 [INFO] [MainThread] [root/bar_manager.py:74]: Starting WindowsNotificationEventListener...
2025-08-05 19:53:25,848 [INFO] [MainThread] [root/bar_manager.py:74]: Starting KomorebiEventListener...
2025-08-05 19:53:25,848 [INFO] [MainThread] [root/watcher.py:54]: Created file watcher for path C:\Users\Quoopie\.config\yasb
2025-08-05 19:53:25,849 [INFO] [Dummy-5] [root/event_listener.py:51]: Created named pipe yasb-85ff3483-7270-11f0-89b2-b0a460cf7848
2025-08-05 19:53:25,881 [DEBUG] [MainThread] [qasync._windows._EventPoller/_windows.py:213]: Starting (proactor: <_IocpProactor overlapped#=0 result#=0>)...
2025-08-05 19:53:25,882 [DEBUG] [Dummy-9] [qasync._windows._EventWorker/_windows.py:192]: Thread started
2025-08-05 19:53:25,930 [INFO] [Dummy-5] [root/event_listener.py:125]: Komorebi connected to named pipe: yasb-85ff3483-7270-11f0-89b2-b0a460cf7848
2025-08-05 19:54:11,442 [INFO] [MainThread] [root/controller.py:15]: Reloading Application because of config change.
2025-08-05 19:54:11,553 [INFO] [MainThread] [cli_server/cli_server.py:112]: Log pipe server stopped
2025-08-05 19:54:11,553 [DEBUG] [MainThread] [cli_server/cli_server.py:206]: CLI server stopped
2025-08-05 19:54:11,558 [INFO] [MainThread] [root/bar_manager.py:65]: Successfully loaded updated config and re-initialised all bars.
2025-08-05 19:54:11,558 [DEBUG] [MainThread] [qasync._windows._EventPoller/_windows.py:218]: Stopping worker thread...
2025-08-05 19:54:11,569 [DEBUG] [Dummy-9] [qasync._windows._EventWorker/_windows.py:201]: Exiting thread
2025-08-05 19:54:11,569 [DEBUG] [MainThread] [qasync._windows._IocpProactor/_windows.py:75]: Closing
2025-08-05 22:54:11,806 [INFO] [MainThread] [root/log.py:59]: YASB v1.7.9
2025-08-05 22:54:11,806 [INFO] [Thread-1 (_run_server)] [cli_server/cli_server.py:212]: CLI server started v1.1.2
2025-08-05 22:54:11,806 [INFO] [MainThread] [cli_server/cli_server.py:104]: Log pipe server started
2025-08-05 22:54:11,938 [DEBUG] [MainThread] [tzlocal/win32.py:55]: Looking up time zone info from registry
2025-08-05 22:54:11,998 [DEBUG] [MainThread] [comtypes/__init__.py:149]: CoInitializeEx(None, 2)
2025-08-05 22:54:12,250 [INFO] [MainThread] [root/bar_manager.py:74]: Starting KomorebiEventListener...
2025-08-05 22:54:12,251 [INFO] [MainThread] [root/bar_manager.py:74]: Starting WindowsNotificationEventListener...
2025-08-05 22:54:12,251 [INFO] [Dummy-3] [root/event_listener.py:51]: Created named pipe yasb-a1a7ba93-7270-11f0-a7be-b0a460cf7848
2025-08-05 22:54:12,251 [INFO] [MainThread] [root/watcher.py:54]: Created file watcher for path C:\Users\Quoopie\.config\yasb
2025-08-05 22:54:12,283 [DEBUG] [MainThread] [qasync._windows._EventPoller/_windows.py:213]: Starting (proactor: <_IocpProactor overlapped#=0 result#=0>)...
2025-08-05 22:54:12,285 [DEBUG] [Dummy-9] [qasync._windows._EventWorker/_windows.py:192]: Thread started
2025-08-05 22:54:12,319 [INFO] [Dummy-3] [root/event_listener.py:125]: Komorebi connected to named pipe: yasb-a1a7ba93-7270-11f0-a7be-b0a460cf7848
2025-08-05 23:21:14,072 [DEBUG] [MainThread] [qasync._windows._EventPoller/_windows.py:218]: Stopping worker thread...
2025-08-05 23:21:14,074 [DEBUG] [Dummy-9] [qasync._windows._EventWorker/_windows.py:201]: Exiting thread
2025-08-05 23:21:14,075 [DEBUG] [MainThread] [qasync._windows._IocpProactor/_windows.py:75]: Closing
2025-08-05 23:22:25,668 [INFO] [MainThread] [root/log.py:59]: YASB v1.7.9
2025-08-05 23:22:25,670 [INFO] [Thread-1 (_run_server)] [cli_server/cli_server.py:212]: CLI server started v1.1.2
2025-08-05 23:22:25,670 [INFO] [MainThread] [cli_server/cli_server.py:104]: Log pipe server started
2025-08-05 23:22:26,218 [DEBUG] [MainThread] [tzlocal/win32.py:55]: Looking up time zone info from registry
2025-08-05 23:22:27,381 [DEBUG] [MainThread] [comtypes/__init__.py:149]: CoInitializeEx(None, 2)
2025-08-05 23:22:27,904 [INFO] [MainThread] [root/bar_manager.py:74]: Starting WindowsNotificationEventListener...
2025-08-05 23:22:27,904 [INFO] [MainThread] [root/bar_manager.py:74]: Starting KomorebiEventListener...
2025-08-05 23:22:27,904 [INFO] [MainThread] [root/watcher.py:54]: Created file watcher for path C:\Users\Quoopie\.config\yasb
2025-08-05 23:22:27,904 [INFO] [Dummy-5] [root/event_listener.py:51]: Created named pipe yasb-9457dbb9-7274-11f0-9f83-b0a460cf7848
2025-08-05 23:22:28,065 [DEBUG] [MainThread] [qasync._windows._EventPoller/_windows.py:213]: Starting (proactor: <_IocpProactor overlapped#=0 result#=0>)...
2025-08-05 23:22:28,065 [DEBUG] [Dummy-9] [qasync._windows._EventWorker/_windows.py:192]: Thread started
2025-08-05 23:22:28,123 [INFO] [Dummy-5] [root/event_listener.py:125]: Komorebi connected to named pipe: yasb-9457dbb9-7274-11f0-9f83-b0a460cf7848
2025-08-05 23:24:51,179 [WARNING] [Dummy-5] [root/event_listener.py:82]: Pipe has been ended: (109, 'PeekNamedPipe', 'The pipe has been ended.')
2025-08-05 23:24:51,179 [INFO] [Dummy-5] [root/event_listener.py:92]: Attempting to reconnect to Komorebi...
2025-08-05 23:24:54,182 [INFO] [Dummy-5] [root/event_listener.py:51]: Created named pipe yasb-9457dbb9-7274-11f0-9f83-b0a460cf7848
2025-08-05 23:25:49,788 [INFO] [Dummy-5] [root/event_listener.py:125]: Komorebi connected to named pipe: yasb-9457dbb9-7274-11f0-9f83-b0a460cf7848
2025-08-05 23:30:42,440 [WARNING] [Dummy-5] [root/event_listener.py:82]: Pipe has been ended: (109, 'PeekNamedPipe', 'The pipe has been ended.')
2025-08-05 23:30:42,440 [INFO] [Dummy-5] [root/event_listener.py:92]: Attempting to reconnect to Komorebi...
2025-08-05 23:30:45,442 [INFO] [Dummy-5] [root/event_listener.py:51]: Created named pipe yasb-9457dbb9-7274-11f0-9f83-b0a460cf7848
2025-08-05 23:32:36,575 [INFO] [Dummy-5] [root/event_listener.py:125]: Komorebi connected to named pipe: yasb-9457dbb9-7274-11f0-9f83-b0a460cf7848
2025-08-05 23:34:02,683 [WARNING] [Dummy-5] [root/event_listener.py:82]: Pipe has been ended: (109, 'PeekNamedPipe', 'The pipe has been ended.')
2025-08-05 23:34:02,683 [INFO] [Dummy-5] [root/event_listener.py:92]: Attempting to reconnect to Komorebi...
2025-08-05 23:34:05,685 [INFO] [Dummy-5] [root/event_listener.py:51]: Created named pipe yasb-9457dbb9-7274-11f0-9f83-b0a460cf7848
2025-08-05 23:34:10,783 [INFO] [Dummy-5] [root/event_listener.py:125]: Komorebi connected to named pipe: yasb-9457dbb9-7274-11f0-9f83-b0a460cf7848
2025-08-05 23:34:36,436 [WARNING] [Dummy-5] [root/event_listener.py:82]: Pipe has been ended: (109, 'PeekNamedPipe', 'The pipe has been ended.')
2025-08-05 23:34:36,436 [INFO] [Dummy-5] [root/event_listener.py:92]: Attempting to reconnect to Komorebi...
2025-08-05 23:34:39,437 [INFO] [Dummy-5] [root/event_listener.py:51]: Created named pipe yasb-9457dbb9-7274-11f0-9f83-b0a460cf7848
2025-08-05 23:38:12,529 [DEBUG] [MainThread] [qasync._windows._EventPoller/_windows.py:218]: Stopping worker thread...
2025-08-05 23:38:12,544 [DEBUG] [Dummy-9] [qasync._windows._EventWorker/_windows.py:201]: Exiting thread
2025-08-05 23:38:12,544 [DEBUG] [MainThread] [qasync._windows._IocpProactor/_windows.py:75]: Closing
2025-08-05 23:39:06,577 [INFO] [MainThread] [root/log.py:59]: YASB v1.7.9
2025-08-05 23:39:06,577 [INFO] [Thread-1 (_run_server)] [cli_server/cli_server.py:212]: CLI server started v1.1.2
2025-08-05 23:39:06,577 [INFO] [MainThread] [cli_server/cli_server.py:104]: Log pipe server started
2025-08-05 23:39:07,100 [DEBUG] [MainThread] [tzlocal/win32.py:55]: Looking up time zone info from registry
2025-08-05 23:39:08,164 [DEBUG] [MainThread] [comtypes/__init__.py:149]: CoInitializeEx(None, 2)
2025-08-05 23:39:08,684 [INFO] [MainThread] [root/bar_manager.py:74]: Starting WindowsNotificationEventListener...
2025-08-05 23:39:08,684 [INFO] [MainThread] [root/bar_manager.py:74]: Starting KomorebiEventListener...
2025-08-05 23:39:08,684 [INFO] [MainThread] [root/watcher.py:54]: Created file watcher for path C:\Users\Quoopie\.config\yasb
2025-08-05 23:39:08,687 [INFO] [Dummy-5] [root/event_listener.py:51]: Created named pipe yasb-e8dabd9f-7276-11f0-a992-b0a460cf7848
2025-08-05 23:39:08,839 [DEBUG] [MainThread] [qasync._windows._EventPoller/_windows.py:213]: Starting (proactor: <_IocpProactor overlapped#=0 result#=0>)...
2025-08-05 23:39:08,859 [DEBUG] [Dummy-9] [qasync._windows._EventWorker/_windows.py:192]: Thread started
2025-08-05 23:39:08,906 [INFO] [Dummy-5] [root/event_listener.py:125]: Komorebi connected to named pipe: yasb-e8dabd9f-7276-11f0-a992-b0a460cf7848
2025-08-05 23:41:30,955 [WARNING] [Dummy-5] [root/event_listener.py:82]: Pipe has been ended: (109, 'PeekNamedPipe', 'The pipe has been ended.')
2025-08-05 23:41:30,955 [INFO] [Dummy-5] [root/event_listener.py:92]: Attempting to reconnect to Komorebi...
2025-08-05 23:41:33,959 [INFO] [Dummy-5] [root/event_listener.py:51]: Created named pipe yasb-e8dabd9f-7276-11f0-a992-b0a460cf7848
2025-08-05 23:41:49,160 [INFO] [Dummy-5] [root/event_listener.py:125]: Komorebi connected to named pipe: yasb-e8dabd9f-7276-11f0-a992-b0a460cf7848
2025-08-05 23:42:22,629 [WARNING] [Dummy-5] [root/event_listener.py:82]: Pipe has been ended: (109, 'PeekNamedPipe', 'The pipe has been ended.')
2025-08-05 23:42:22,629 [INFO] [Dummy-5] [root/event_listener.py:92]: Attempting to reconnect to Komorebi...
2025-08-05 23:42:25,630 [INFO] [Dummy-5] [root/event_listener.py:51]: Created named pipe yasb-e8dabd9f-7276-11f0-a992-b0a460cf7848
2025-08-05 23:42:35,777 [INFO] [Dummy-5] [root/event_listener.py:125]: Komorebi connected to named pipe: yasb-e8dabd9f-7276-11f0-a992-b0a460cf7848
2025-08-05 23:44:53,393 [WARNING] [Dummy-5] [root/event_listener.py:82]: Pipe has been ended: (109, 'PeekNamedPipe', 'The pipe has been ended.')
2025-08-05 23:44:53,393 [INFO] [Dummy-5] [root/event_listener.py:92]: Attempting to reconnect to Komorebi...
2025-08-05 23:44:56,394 [INFO] [Dummy-5] [root/event_listener.py:51]: Created named pipe yasb-e8dabd9f-7276-11f0-a992-b0a460cf7848
2025-08-05 23:45:01,490 [INFO] [Dummy-5] [root/event_listener.py:125]: Komorebi connected to named pipe: yasb-e8dabd9f-7276-11f0-a992-b0a460cf7848
2025-08-05 23:46:45,576 [WARNING] [Dummy-5] [root/event_listener.py:82]: Pipe has been ended: (109, 'PeekNamedPipe', 'The pipe has been ended.')
2025-08-05 23:46:45,576 [INFO] [Dummy-5] [root/event_listener.py:92]: Attempting to reconnect to Komorebi...
2025-08-05 23:46:48,578 [INFO] [Dummy-5] [root/event_listener.py:51]: Created named pipe yasb-e8dabd9f-7276-11f0-a992-b0a460cf7848
2025-08-05 23:46:53,676 [INFO] [Dummy-5] [root/event_listener.py:125]: Komorebi connected to named pipe: yasb-e8dabd9f-7276-11f0-a992-b0a460cf7848
2025-08-05 23:47:24,107 [WARNING] [Dummy-5] [root/event_listener.py:82]: Pipe has been ended: (109, 'PeekNamedPipe', 'The pipe has been ended.')
2025-08-05 23:47:24,107 [INFO] [Dummy-5] [root/event_listener.py:92]: Attempting to reconnect to Komorebi...
2025-08-05 23:47:27,108 [INFO] [Dummy-5] [root/event_listener.py:51]: Created named pipe yasb-e8dabd9f-7276-11f0-a992-b0a460cf7848
2025-08-05 23:47:32,225 [INFO] [Dummy-5] [root/event_listener.py:125]: Komorebi connected to named pipe: yasb-e8dabd9f-7276-11f0-a992-b0a460cf7848
2025-08-05 23:52:35,021 [WARNING] [Dummy-5] [root/event_listener.py:82]: Pipe has been ended: (109, 'PeekNamedPipe', 'The pipe has been ended.')
2025-08-05 23:52:35,021 [INFO] [Dummy-5] [root/event_listener.py:92]: Attempting to reconnect to Komorebi...
2025-08-05 23:52:38,023 [INFO] [Dummy-5] [root/event_listener.py:51]: Created named pipe yasb-e8dabd9f-7276-11f0-a992-b0a460cf7848
2025-08-05 23:52:43,132 [INFO] [Dummy-5] [root/event_listener.py:125]: Komorebi connected to named pipe: yasb-e8dabd9f-7276-11f0-a992-b0a460cf7848
2025-08-06 00:01:15,608 [INFO] [MainThread] [root/controller.py:15]: Reloading Application because of config change.
2025-08-06 00:01:15,715 [INFO] [MainThread] [cli_server/cli_server.py:112]: Log pipe server stopped
2025-08-06 00:01:15,715 [DEBUG] [MainThread] [cli_server/cli_server.py:206]: CLI server stopped
2025-08-06 00:01:15,721 [INFO] [MainThread] [root/bar_manager.py:65]: Successfully loaded updated config and re-initialised all bars.
2025-08-06 00:01:15,721 [DEBUG] [MainThread] [qasync._windows._EventPoller/_windows.py:218]: Stopping worker thread...
2025-08-06 00:01:15,731 [DEBUG] [Dummy-9] [qasync._windows._EventWorker/_windows.py:201]: Exiting thread
2025-08-06 00:01:15,731 [DEBUG] [MainThread] [qasync._windows._IocpProactor/_windows.py:75]: Closing
2025-08-06 00:01:15,981 [INFO] [MainThread] [root/log.py:59]: YASB v1.7.9
2025-08-06 00:01:15,981 [INFO] [Thread-1 (_run_server)] [cli_server/cli_server.py:212]: CLI server started v1.1.2
2025-08-06 00:01:15,981 [INFO] [MainThread] [cli_server/cli_server.py:104]: Log pipe server started
2025-08-06 00:01:16,115 [DEBUG] [MainThread] [tzlocal/win32.py:55]: Looking up time zone info from registry
2025-08-06 00:01:16,178 [DEBUG] [MainThread] [comtypes/__init__.py:149]: CoInitializeEx(None, 2)
2025-08-06 00:01:16,228 [WARNING] [MainThread] [root/widget_builder.py:40]: No widget config could be found for widget 'cpu
2025-08-06 00:01:16,419 [INFO] [MainThread] [root/bar_manager.py:74]: Starting KomorebiEventListener...
2025-08-06 00:01:16,419 [INFO] [MainThread] [root/bar_manager.py:74]: Starting WindowsNotificationEventListener...
2025-08-06 00:01:16,420 [INFO] [Dummy-3] [root/event_listener.py:51]: Created named pipe yasb-003efda2-727a-11f0-a5a6-b0a460cf7848
2025-08-06 00:01:16,420 [ERROR] [MainThread] [root/widget_builder.py:79]: Failed to add undefined widget(s)  - The widget "cpu" is undefined.
2025-08-06 00:01:16,513 [INFO] [Dummy-3] [root/event_listener.py:125]: Komorebi connected to named pipe: yasb-003efda2-727a-11f0-a5a6-b0a460cf7848
2025-08-06 00:01:24,285 [INFO] [MainThread] [root/watcher.py:54]: Created file watcher for path C:\Users\Quoopie\.config\yasb
2025-08-06 00:01:24,317 [DEBUG] [MainThread] [qasync._windows._EventPoller/_windows.py:213]: Starting (proactor: <_IocpProactor overlapped#=0 result#=0>)...
2025-08-06 00:01:24,322 [DEBUG] [Dummy-10] [qasync._windows._EventWorker/_windows.py:192]: Thread started
2025-08-06 00:02:15,503 [INFO] [MainThread] [root/controller.py:15]: Reloading Application because of config change.
2025-08-06 00:02:15,616 [INFO] [MainThread] [cli_server/cli_server.py:112]: Log pipe server stopped
2025-08-06 00:02:15,616 [DEBUG] [MainThread] [cli_server/cli_server.py:206]: CLI server stopped
2025-08-06 00:02:15,616 [INFO] [MainThread] [root/bar_manager.py:65]: Successfully loaded updated config and re-initialised all bars.
2025-08-06 00:02:15,616 [DEBUG] [MainThread] [qasync._windows._EventPoller/_windows.py:218]: Stopping worker thread...
2025-08-06 00:02:15,632 [DEBUG] [Dummy-10] [qasync._windows._EventWorker/_windows.py:201]: Exiting thread
2025-08-06 00:02:15,632 [DEBUG] [MainThread] [qasync._windows._IocpProactor/_windows.py:75]: Closing
2025-08-06 00:02:15,850 [INFO] [MainThread] [root/log.py:59]: YASB v1.7.9
2025-08-06 00:02:15,850 [INFO] [Thread-1 (_run_server)] [cli_server/cli_server.py:212]: CLI server started v1.1.2
2025-08-06 00:02:15,850 [INFO] [MainThread] [cli_server/cli_server.py:104]: Log pipe server started
2025-08-06 00:02:15,977 [DEBUG] [MainThread] [tzlocal/win32.py:55]: Looking up time zone info from registry
2025-08-06 00:02:16,050 [DEBUG] [MainThread] [comtypes/__init__.py:149]: CoInitializeEx(None, 2)
2025-08-06 00:02:16,294 [INFO] [MainThread] [root/bar_manager.py:74]: Starting WindowsNotificationEventListener...
2025-08-06 00:02:16,294 [INFO] [MainThread] [root/bar_manager.py:74]: Starting KomorebiEventListener...
2025-08-06 00:02:16,294 [INFO] [MainThread] [root/watcher.py:54]: Created file watcher for path C:\Users\Quoopie\.config\yasb
2025-08-06 00:02:16,309 [INFO] [Dummy-5] [root/event_listener.py:51]: Created named pipe yasb-23ef34ff-727a-11f0-9957-b0a460cf7848
2025-08-06 00:02:16,340 [DEBUG] [MainThread] [qasync._windows._EventPoller/_windows.py:213]: Starting (proactor: <_IocpProactor overlapped#=0 result#=0>)...
2025-08-06 00:02:16,340 [DEBUG] [Dummy-9] [qasync._windows._EventWorker/_windows.py:192]: Thread started
2025-08-06 00:02:16,364 [INFO] [Dummy-5] [root/event_listener.py:125]: Komorebi connected to named pipe: yasb-23ef34ff-727a-11f0-9957-b0a460cf7848
2025-08-06 00:02:31,699 [INFO] [MainThread] [root/controller.py:15]: Reloading Application because of config change.
2025-08-06 00:02:31,825 [INFO] [MainThread] [cli_server/cli_server.py:112]: Log pipe server stopped
2025-08-06 00:02:31,825 [DEBUG] [MainThread] [cli_server/cli_server.py:206]: CLI server stopped
2025-08-06 00:02:31,827 [INFO] [MainThread] [root/bar_manager.py:65]: Successfully loaded updated config and re-initialised all bars.
2025-08-06 00:02:31,827 [DEBUG] [MainThread] [qasync._windows._EventPoller/_windows.py:218]: Stopping worker thread...
2025-08-06 00:02:31,840 [DEBUG] [Dummy-9] [qasync._windows._EventWorker/_windows.py:201]: Exiting thread
2025-08-06 00:02:31,840 [DEBUG] [MainThread] [qasync._windows._IocpProactor/_windows.py:75]: Closing
2025-08-06 00:02:32,064 [INFO] [MainThread] [root/log.py:59]: YASB v1.7.9
2025-08-06 00:02:32,064 [INFO] [Thread-1 (_run_server)] [cli_server/cli_server.py:212]: CLI server started v1.1.2
2025-08-06 00:02:32,064 [INFO] [MainThread] [cli_server/cli_server.py:104]: Log pipe server started
2025-08-06 00:02:32,189 [DEBUG] [MainThread] [tzlocal/win32.py:55]: Looking up time zone info from registry
2025-08-06 00:02:32,253 [DEBUG] [MainThread] [comtypes/__init__.py:149]: CoInitializeEx(None, 2)
2025-08-06 00:02:32,509 [INFO] [MainThread] [root/bar_manager.py:74]: Starting KomorebiEventListener...
2025-08-06 00:02:32,509 [INFO] [MainThread] [root/bar_manager.py:74]: Starting WindowsNotificationEventListener...
2025-08-06 00:02:32,509 [INFO] [Dummy-3] [root/event_listener.py:51]: Created named pipe yasb-2d9983ee-727a-11f0-9086-b0a460cf7848
2025-08-06 00:02:32,509 [ERROR] [MainThread] [root/widget_builder.py:93]: Failed to validate widget(s) due to invalid options  - cpu
      update_interval:
      - min value is 1000
      
2025-08-06 00:02:32,591 [INFO] [Dummy-3] [root/event_listener.py:125]: Komorebi connected to named pipe: yasb-2d9983ee-727a-11f0-9086-b0a460cf7848
2025-08-06 00:02:45,661 [INFO] [MainThread] [root/watcher.py:54]: Created file watcher for path C:\Users\Quoopie\.config\yasb
2025-08-06 00:02:45,706 [DEBUG] [MainThread] [qasync._windows._EventPoller/_windows.py:213]: Starting (proactor: <_IocpProactor overlapped#=0 result#=0>)...
2025-08-06 00:02:45,707 [DEBUG] [Dummy-10] [qasync._windows._EventWorker/_windows.py:192]: Thread started
2025-08-06 00:02:48,160 [INFO] [MainThread] [root/controller.py:15]: Reloading Application because of config change.
2025-08-06 00:02:48,271 [INFO] [MainThread] [cli_server/cli_server.py:112]: Log pipe server stopped
2025-08-06 00:02:48,271 [DEBUG] [MainThread] [cli_server/cli_server.py:206]: CLI server stopped
2025-08-06 00:02:48,274 [INFO] [MainThread] [root/bar_manager.py:65]: Successfully loaded updated config and re-initialised all bars.
2025-08-06 00:02:48,274 [DEBUG] [MainThread] [qasync._windows._EventPoller/_windows.py:218]: Stopping worker thread...
2025-08-06 00:02:48,287 [DEBUG] [Dummy-10] [qasync._windows._EventWorker/_windows.py:201]: Exiting thread
2025-08-06 00:02:48,287 [DEBUG] [MainThread] [qasync._windows._IocpProactor/_windows.py:75]: Closing
2025-08-06 00:02:48,503 [INFO] [MainThread] [root/log.py:59]: YASB v1.7.9
2025-08-06 00:02:48,503 [INFO] [Thread-1 (_run_server)] [cli_server/cli_server.py:212]: CLI server started v1.1.2
2025-08-06 00:02:48,503 [INFO] [MainThread] [cli_server/cli_server.py:104]: Log pipe server started
2025-08-06 00:02:48,640 [DEBUG] [MainThread] [tzlocal/win32.py:55]: Looking up time zone info from registry
2025-08-06 00:02:48,700 [DEBUG] [MainThread] [comtypes/__init__.py:149]: CoInitializeEx(None, 2)
2025-08-06 00:02:48,943 [INFO] [MainThread] [root/bar_manager.py:74]: Starting WindowsNotificationEventListener...
2025-08-06 00:02:48,943 [INFO] [MainThread] [root/bar_manager.py:74]: Starting KomorebiEventListener...
2025-08-06 00:02:48,943 [INFO] [MainThread] [root/watcher.py:54]: Created file watcher for path C:\Users\Quoopie\.config\yasb
2025-08-06 00:02:48,949 [INFO] [Dummy-5] [root/event_listener.py:51]: Created named pipe yasb-376519bb-727a-11f0-9c9f-b0a460cf7848
2025-08-06 00:02:48,981 [DEBUG] [MainThread] [qasync._windows._EventPoller/_windows.py:213]: Starting (proactor: <_IocpProactor overlapped#=0 result#=0>)...
2025-08-06 00:02:48,981 [DEBUG] [Dummy-9] [qasync._windows._EventWorker/_windows.py:192]: Thread started
2025-08-06 00:02:49,004 [INFO] [Dummy-5] [root/event_listener.py:125]: Komorebi connected to named pipe: yasb-376519bb-727a-11f0-9c9f-b0a460cf7848
2025-08-06 00:03:29,388 [INFO] [MainThread] [root/controller.py:15]: Reloading Application because of config change.
2025-08-06 00:03:29,499 [INFO] [MainThread] [cli_server/cli_server.py:112]: Log pipe server stopped
2025-08-06 00:03:29,499 [DEBUG] [MainThread] [cli_server/cli_server.py:206]: CLI server stopped
2025-08-06 00:03:29,499 [INFO] [MainThread] [root/bar_manager.py:65]: Successfully loaded updated config and re-initialised all bars.
2025-08-06 00:03:29,499 [DEBUG] [MainThread] [qasync._windows._EventPoller/_windows.py:218]: Stopping worker thread...
2025-08-06 00:03:29,515 [DEBUG] [Dummy-9] [qasync._windows._EventWorker/_windows.py:201]: Exiting thread
2025-08-06 00:03:29,515 [DEBUG] [MainThread] [qasync._windows._IocpProactor/_windows.py:75]: Closing
2025-08-06 00:03:29,737 [INFO] [MainThread] [root/log.py:59]: YASB v1.7.9
2025-08-06 00:03:29,737 [INFO] [Thread-1 (_run_server)] [cli_server/cli_server.py:212]: CLI server started v1.1.2
2025-08-06 00:03:29,737 [INFO] [MainThread] [cli_server/cli_server.py:104]: Log pipe server started
2025-08-06 00:03:29,862 [DEBUG] [MainThread] [tzlocal/win32.py:55]: Looking up time zone info from registry
2025-08-06 00:03:29,926 [DEBUG] [MainThread] [comtypes/__init__.py:149]: CoInitializeEx(None, 2)
2025-08-06 00:03:30,179 [INFO] [MainThread] [root/bar_manager.py:74]: Starting WindowsNotificationEventListener...
2025-08-06 00:03:30,179 [INFO] [MainThread] [root/bar_manager.py:74]: Starting KomorebiEventListener...
2025-08-06 00:03:30,179 [INFO] [MainThread] [root/watcher.py:54]: Created file watcher for path C:\Users\Quoopie\.config\yasb
2025-08-06 00:03:30,183 [INFO] [Dummy-5] [root/event_listener.py:51]: Created named pipe yasb-4ff93a2b-727a-11f0-bf15-b0a460cf7848
2025-08-06 00:03:30,217 [DEBUG] [MainThread] [qasync._windows._EventPoller/_windows.py:213]: Starting (proactor: <_IocpProactor overlapped#=0 result#=0>)...
2025-08-06 00:03:30,217 [DEBUG] [Dummy-9] [qasync._windows._EventWorker/_windows.py:192]: Thread started
2025-08-06 00:03:30,239 [INFO] [Dummy-5] [root/event_listener.py:125]: Komorebi connected to named pipe: yasb-4ff93a2b-727a-11f0-bf15-b0a460cf7848
2025-08-06 00:03:37,758 [INFO] [MainThread] [root/controller.py:15]: Reloading Application because of config change.
2025-08-06 00:03:37,875 [INFO] [MainThread] [cli_server/cli_server.py:112]: Log pipe server stopped
2025-08-06 00:03:37,875 [DEBUG] [MainThread] [cli_server/cli_server.py:206]: CLI server stopped
2025-08-06 00:03:37,879 [INFO] [MainThread] [root/bar_manager.py:65]: Successfully loaded updated config and re-initialised all bars.
2025-08-06 00:03:37,879 [DEBUG] [MainThread] [qasync._windows._EventPoller/_windows.py:218]: Stopping worker thread...
2025-08-06 00:03:37,891 [DEBUG] [Dummy-9] [qasync._windows._EventWorker/_windows.py:201]: Exiting thread
2025-08-06 00:03:37,891 [DEBUG] [MainThread] [qasync._windows._IocpProactor/_windows.py:75]: Closing
2025-08-06 00:03:38,107 [INFO] [MainThread] [root/log.py:59]: YASB v1.7.9
2025-08-06 00:03:38,107 [INFO] [Thread-1 (_run_server)] [cli_server/cli_server.py:212]: CLI server started v1.1.2
2025-08-06 00:03:38,107 [INFO] [MainThread] [cli_server/cli_server.py:104]: Log pipe server started
2025-08-06 00:03:38,243 [DEBUG] [MainThread] [tzlocal/win32.py:55]: Looking up time zone info from registry
2025-08-06 00:03:38,307 [DEBUG] [MainThread] [comtypes/__init__.py:149]: CoInitializeEx(None, 2)
2025-08-06 00:03:38,587 [INFO] [MainThread] [root/bar_manager.py:74]: Starting KomorebiEventListener...
2025-08-06 00:03:38,587 [INFO] [MainThread] [root/bar_manager.py:74]: Starting WindowsNotificationEventListener...
2025-08-06 00:03:38,587 [INFO] [Dummy-3] [root/event_listener.py:51]: Created named pipe yasb-54fc3e80-727a-11f0-89f5-b0a460cf7848
2025-08-06 00:03:38,587 [INFO] [MainThread] [root/watcher.py:54]: Created file watcher for path C:\Users\Quoopie\.config\yasb
2025-08-06 00:03:38,630 [DEBUG] [MainThread] [qasync._windows._EventPoller/_windows.py:213]: Starting (proactor: <_IocpProactor overlapped#=0 result#=0>)...
2025-08-06 00:03:38,630 [DEBUG] [Dummy-9] [qasync._windows._EventWorker/_windows.py:192]: Thread started
2025-08-06 00:03:38,652 [INFO] [Dummy-3] [root/event_listener.py:125]: Komorebi connected to named pipe: yasb-54fc3e80-727a-11f0-89f5-b0a460cf7848
2025-08-06 00:05:21,648 [INFO] [MainThread] [root/controller.py:15]: Reloading Application because of config change.
2025-08-06 00:05:21,759 [INFO] [MainThread] [cli_server/cli_server.py:112]: Log pipe server stopped
2025-08-06 00:05:21,759 [DEBUG] [MainThread] [cli_server/cli_server.py:206]: CLI server stopped
2025-08-06 00:05:21,761 [INFO] [MainThread] [root/bar_manager.py:65]: Successfully loaded updated config and re-initialised all bars.
2025-08-06 00:05:21,761 [DEBUG] [MainThread] [qasync._windows._EventPoller/_windows.py:218]: Stopping worker thread...
2025-08-06 00:05:21,775 [DEBUG] [Dummy-9] [qasync._windows._EventWorker/_windows.py:201]: Exiting thread
2025-08-06 00:05:21,775 [DEBUG] [MainThread] [qasync._windows._IocpProactor/_windows.py:75]: Closing
2025-08-06 00:05:21,990 [INFO] [MainThread] [root/log.py:59]: YASB v1.7.9
2025-08-06 00:05:21,990 [INFO] [Thread-1 (_run_server)] [cli_server/cli_server.py:212]: CLI server started v1.1.2
2025-08-06 00:05:22,001 [INFO] [MainThread] [cli_server/cli_server.py:104]: Log pipe server started
2025-08-06 00:05:22,133 [DEBUG] [MainThread] [tzlocal/win32.py:55]: Looking up time zone info from registry
2025-08-06 00:05:22,183 [DEBUG] [MainThread] [comtypes/__init__.py:149]: CoInitializeEx(None, 2)
2025-08-06 00:05:22,445 [INFO] [MainThread] [root/bar_manager.py:74]: Starting WindowsNotificationEventListener...
2025-08-06 00:05:22,445 [INFO] [MainThread] [root/bar_manager.py:74]: Starting KomorebiEventListener...
2025-08-06 00:05:22,445 [INFO] [MainThread] [root/watcher.py:54]: Created file watcher for path C:\Users\Quoopie\.config\yasb
2025-08-06 00:05:22,452 [INFO] [Dummy-5] [root/event_listener.py:51]: Created named pipe yasb-92e3ba8d-727a-11f0-ab44-b0a460cf7848
2025-08-06 00:05:22,484 [DEBUG] [MainThread] [qasync._windows._EventPoller/_windows.py:213]: Starting (proactor: <_IocpProactor overlapped#=0 result#=0>)...
2025-08-06 00:05:22,484 [DEBUG] [Dummy-9] [qasync._windows._EventWorker/_windows.py:192]: Thread started
2025-08-06 00:05:22,534 [INFO] [Dummy-5] [root/event_listener.py:125]: Komorebi connected to named pipe: yasb-92e3ba8d-727a-11f0-ab44-b0a460cf7848
2025-08-06 00:06:17,634 [INFO] [MainThread] [root/controller.py:15]: Reloading Application because of config change.
2025-08-06 00:06:17,746 [INFO] [MainThread] [cli_server/cli_server.py:112]: Log pipe server stopped
2025-08-06 00:06:17,746 [DEBUG] [MainThread] [cli_server/cli_server.py:206]: CLI server stopped
2025-08-06 00:06:17,746 [INFO] [MainThread] [root/bar_manager.py:65]: Successfully loaded updated config and re-initialised all bars.
2025-08-06 00:06:17,746 [DEBUG] [MainThread] [qasync._windows._EventPoller/_windows.py:218]: Stopping worker thread...
2025-08-06 00:06:17,762 [DEBUG] [Dummy-9] [qasync._windows._EventWorker/_windows.py:201]: Exiting thread
2025-08-06 00:06:17,762 [DEBUG] [MainThread] [qasync._windows._IocpProactor/_windows.py:75]: Closing
2025-08-06 00:06:17,995 [INFO] [MainThread] [root/log.py:59]: YASB v1.7.9
2025-08-06 00:06:17,995 [INFO] [Thread-1 (_run_server)] [cli_server/cli_server.py:212]: CLI server started v1.1.2
2025-08-06 00:06:17,995 [INFO] [MainThread] [cli_server/cli_server.py:104]: Log pipe server started
2025-08-06 00:06:18,125 [DEBUG] [MainThread] [tzlocal/win32.py:55]: Looking up time zone info from registry
2025-08-06 00:06:18,186 [DEBUG] [MainThread] [comtypes/__init__.py:149]: CoInitializeEx(None, 2)
2025-08-06 00:06:18,449 [INFO] [MainThread] [root/bar_manager.py:74]: Starting WindowsNotificationEventListener...
2025-08-06 00:06:18,449 [INFO] [MainThread] [root/bar_manager.py:74]: Starting KomorebiEventListener...
2025-08-06 00:06:18,449 [INFO] [MainThread] [root/watcher.py:54]: Created file watcher for path C:\Users\Quoopie\.config\yasb
2025-08-06 00:06:18,449 [INFO] [Dummy-5] [root/event_listener.py:51]: Created named pipe yasb-b44540d2-727a-11f0-aac5-b0a460cf7848
2025-08-06 00:06:18,489 [DEBUG] [MainThread] [qasync._windows._EventPoller/_windows.py:213]: Starting (proactor: <_IocpProactor overlapped#=0 result#=0>)...
2025-08-06 00:06:18,489 [DEBUG] [Dummy-9] [qasync._windows._EventWorker/_windows.py:192]: Thread started
2025-08-06 00:06:18,510 [INFO] [Dummy-5] [root/event_listener.py:125]: Komorebi connected to named pipe: yasb-b44540d2-727a-11f0-aac5-b0a460cf7848
2025-08-06 00:06:23,133 [INFO] [MainThread] [root/controller.py:15]: Reloading Application because of config change.
2025-08-06 00:06:23,244 [INFO] [MainThread] [cli_server/cli_server.py:112]: Log pipe server stopped
2025-08-06 00:06:23,244 [DEBUG] [MainThread] [cli_server/cli_server.py:206]: CLI server stopped
2025-08-06 00:06:23,244 [INFO] [MainThread] [root/bar_manager.py:65]: Successfully loaded updated config and re-initialised all bars.
2025-08-06 00:06:23,244 [DEBUG] [MainThread] [qasync._windows._EventPoller/_windows.py:218]: Stopping worker thread...
2025-08-06 00:06:23,260 [DEBUG] [Dummy-9] [qasync._windows._EventWorker/_windows.py:201]: Exiting thread
2025-08-06 00:06:23,260 [DEBUG] [MainThread] [qasync._windows._IocpProactor/_windows.py:75]: Closing
2025-08-06 00:06:23,472 [INFO] [MainThread] [root/log.py:59]: YASB v1.7.9
2025-08-06 00:06:23,472 [INFO] [Thread-1 (_run_server)] [cli_server/cli_server.py:212]: CLI server started v1.1.2
2025-08-06 00:06:23,472 [INFO] [MainThread] [cli_server/cli_server.py:104]: Log pipe server started
2025-08-06 00:06:23,604 [DEBUG] [MainThread] [tzlocal/win32.py:55]: Looking up time zone info from registry
2025-08-06 00:06:23,664 [DEBUG] [MainThread] [comtypes/__init__.py:149]: CoInitializeEx(None, 2)
2025-08-06 00:06:23,951 [INFO] [MainThread] [root/bar_manager.py:74]: Starting WindowsNotificationEventListener...
2025-08-06 00:06:23,951 [INFO] [MainThread] [root/bar_manager.py:74]: Starting KomorebiEventListener...
2025-08-06 00:06:23,951 [INFO] [MainThread] [root/watcher.py:54]: Created file watcher for path C:\Users\Quoopie\.config\yasb
2025-08-06 00:06:23,951 [INFO] [Dummy-5] [root/event_listener.py:51]: Created named pipe yasb-b78cbe06-727a-11f0-91dd-b0a460cf7848
2025-08-06 00:06:23,990 [DEBUG] [MainThread] [qasync._windows._EventPoller/_windows.py:213]: Starting (proactor: <_IocpProactor overlapped#=0 result#=0>)...
2025-08-06 00:06:23,990 [DEBUG] [Dummy-9] [qasync._windows._EventWorker/_windows.py:192]: Thread started
2025-08-06 00:06:24,012 [INFO] [Dummy-5] [root/event_listener.py:125]: Komorebi connected to named pipe: yasb-b78cbe06-727a-11f0-91dd-b0a460cf7848
2025-08-06 00:06:39,892 [INFO] [MainThread] [root/controller.py:15]: Reloading Application because of config change.
2025-08-06 00:06:40,005 [INFO] [MainThread] [cli_server/cli_server.py:112]: Log pipe server stopped
2025-08-06 00:06:40,005 [DEBUG] [MainThread] [cli_server/cli_server.py:206]: CLI server stopped
2025-08-06 00:06:40,009 [INFO] [MainThread] [root/bar_manager.py:65]: Successfully loaded updated config and re-initialised all bars.
2025-08-06 00:06:40,009 [DEBUG] [MainThread] [qasync._windows._EventPoller/_windows.py:218]: Stopping worker thread...
2025-08-06 00:06:40,021 [DEBUG] [Dummy-9] [qasync._windows._EventWorker/_windows.py:201]: Exiting thread
2025-08-06 00:06:40,021 [DEBUG] [MainThread] [qasync._windows._IocpProactor/_windows.py:75]: Closing
2025-08-06 00:06:40,238 [INFO] [MainThread] [root/log.py:59]: YASB v1.7.9
2025-08-06 00:06:40,238 [INFO] [Thread-1 (_run_server)] [cli_server/cli_server.py:212]: CLI server started v1.1.2
2025-08-06 00:06:40,238 [INFO] [MainThread] [cli_server/cli_server.py:104]: Log pipe server started
2025-08-06 00:06:40,362 [DEBUG] [MainThread] [tzlocal/win32.py:55]: Looking up time zone info from registry
2025-08-06 00:06:40,425 [DEBUG] [MainThread] [comtypes/__init__.py:149]: CoInitializeEx(None, 2)
2025-08-06 00:06:40,692 [INFO] [MainThread] [root/bar_manager.py:74]: Starting WindowsNotificationEventListener...
2025-08-06 00:06:40,705 [INFO] [MainThread] [root/bar_manager.py:74]: Starting KomorebiEventListener...
2025-08-06 00:06:40,705 [INFO] [MainThread] [root/watcher.py:54]: Created file watcher for path C:\Users\Quoopie\.config\yasb
2025-08-06 00:06:40,707 [INFO] [Dummy-5] [root/event_listener.py:51]: Created named pipe yasb-c1892302-727a-11f0-aedd-b0a460cf7848
2025-08-06 00:06:40,738 [DEBUG] [MainThread] [qasync._windows._EventPoller/_windows.py:213]: Starting (proactor: <_IocpProactor overlapped#=0 result#=0>)...
2025-08-06 00:06:40,738 [DEBUG] [Dummy-9] [qasync._windows._EventWorker/_windows.py:192]: Thread started
2025-08-06 00:06:40,775 [INFO] [Dummy-5] [root/event_listener.py:125]: Komorebi connected to named pipe: yasb-c1892302-727a-11f0-aedd-b0a460cf7848
2025-08-06 00:07:44,130 [INFO] [MainThread] [root/controller.py:15]: Reloading Application because of config change.
2025-08-06 00:07:44,241 [INFO] [MainThread] [cli_server/cli_server.py:112]: Log pipe server stopped
2025-08-06 00:07:44,241 [DEBUG] [MainThread] [cli_server/cli_server.py:206]: CLI server stopped
2025-08-06 00:07:44,243 [INFO] [MainThread] [root/bar_manager.py:65]: Successfully loaded updated config and re-initialised all bars.
2025-08-06 00:07:44,243 [DEBUG] [MainThread] [qasync._windows._EventPoller/_windows.py:218]: Stopping worker thread...
2025-08-06 00:07:44,257 [DEBUG] [Dummy-9] [qasync._windows._EventWorker/_windows.py:201]: Exiting thread
2025-08-06 00:07:44,257 [DEBUG] [MainThread] [qasync._windows._IocpProactor/_windows.py:75]: Closing
2025-08-06 00:07:44,491 [INFO] [MainThread] [root/log.py:59]: YASB v1.7.9
2025-08-06 00:07:44,491 [INFO] [Thread-1 (_run_server)] [cli_server/cli_server.py:212]: CLI server started v1.1.2
2025-08-06 00:07:44,491 [INFO] [MainThread] [cli_server/cli_server.py:104]: Log pipe server started
2025-08-06 00:07:44,629 [DEBUG] [MainThread] [tzlocal/win32.py:55]: Looking up time zone info from registry
2025-08-06 00:07:44,687 [DEBUG] [MainThread] [comtypes/__init__.py:149]: CoInitializeEx(None, 2)
2025-08-06 00:07:44,989 [INFO] [MainThread] [root/bar_manager.py:74]: Starting WindowsNotificationEventListener...
2025-08-06 00:07:44,989 [INFO] [MainThread] [root/bar_manager.py:74]: Starting KomorebiEventListener...
2025-08-06 00:07:44,989 [INFO] [MainThread] [root/watcher.py:54]: Created file watcher for path C:\Users\Quoopie\.config\yasb
2025-08-06 00:07:44,992 [INFO] [Dummy-5] [root/event_listener.py:51]: Created named pipe yasb-e7da1f50-727a-11f0-b5a6-b0a460cf7848
2025-08-06 00:07:45,028 [DEBUG] [MainThread] [qasync._windows._EventPoller/_windows.py:213]: Starting (proactor: <_IocpProactor overlapped#=0 result#=0>)...
2025-08-06 00:07:45,033 [DEBUG] [Dummy-9] [qasync._windows._EventWorker/_windows.py:192]: Thread started
2025-08-06 00:07:45,056 [INFO] [Dummy-5] [root/event_listener.py:125]: Komorebi connected to named pipe: yasb-e7da1f50-727a-11f0-b5a6-b0a460cf7848
2025-08-06 00:07:59,339 [INFO] [MainThread] [root/controller.py:15]: Reloading Application because of config change.
2025-08-06 00:07:59,443 [INFO] [MainThread] [cli_server/cli_server.py:112]: Log pipe server stopped
2025-08-06 00:07:59,443 [DEBUG] [MainThread] [cli_server/cli_server.py:206]: CLI server stopped
2025-08-06 00:07:59,448 [INFO] [MainThread] [root/bar_manager.py:65]: Successfully loaded updated config and re-initialised all bars.
2025-08-06 00:07:59,448 [DEBUG] [MainThread] [qasync._windows._EventPoller/_windows.py:218]: Stopping worker thread...
2025-08-06 00:07:59,459 [DEBUG] [Dummy-9] [qasync._windows._EventWorker/_windows.py:201]: Exiting thread
2025-08-06 00:07:59,459 [DEBUG] [MainThread] [qasync._windows._IocpProactor/_windows.py:75]: Closing
2025-08-06 00:07:59,695 [INFO] [MainThread] [root/log.py:59]: YASB v1.7.9
2025-08-06 00:07:59,696 [INFO] [Thread-1 (_run_server)] [cli_server/cli_server.py:212]: CLI server started v1.1.2
2025-08-06 00:07:59,696 [INFO] [MainThread] [cli_server/cli_server.py:104]: Log pipe server started
2025-08-06 00:07:59,834 [DEBUG] [MainThread] [tzlocal/win32.py:55]: Looking up time zone info from registry
2025-08-06 00:07:59,895 [DEBUG] [MainThread] [comtypes/__init__.py:149]: CoInitializeEx(None, 2)
2025-08-06 00:08:00,173 [INFO] [MainThread] [root/bar_manager.py:74]: Starting KomorebiEventListener...
2025-08-06 00:08:00,174 [INFO] [MainThread] [root/bar_manager.py:74]: Starting WindowsNotificationEventListener...
2025-08-06 00:08:00,174 [INFO] [Dummy-3] [root/event_listener.py:51]: Created named pipe yasb-f0e72512-727a-11f0-999f-b0a460cf7848
2025-08-06 00:08:00,175 [INFO] [MainThread] [root/watcher.py:54]: Created file watcher for path C:\Users\Quoopie\.config\yasb
2025-08-06 00:08:00,212 [DEBUG] [MainThread] [qasync._windows._EventPoller/_windows.py:213]: Starting (proactor: <_IocpProactor overlapped#=0 result#=0>)...
2025-08-06 00:08:00,212 [DEBUG] [Dummy-9] [qasync._windows._EventWorker/_windows.py:192]: Thread started
2025-08-06 00:08:00,231 [INFO] [Dummy-3] [root/event_listener.py:125]: Komorebi connected to named pipe: yasb-f0e72512-727a-11f0-999f-b0a460cf7848
2025-08-06 00:08:38,684 [ERROR] [MainThread] [root/config.py:124]: The file 'C:\Users\Quoopie\.config\yasb\config.yaml' contains Parser Error(s). Please fix:
while parsing a flow sequence
  in "C:\Users\Quoopie\.config\yasb\config.yaml", line 49, column 14
expected ',' or ']', but got '<scalar>'
  in "C:\Users\Quoopie\.config\yasb\config.yaml", line 57, column 9
2025-08-06 00:09:10,909 [INFO] [MainThread] [root/controller.py:15]: Reloading Application because of config change.
2025-08-06 00:09:11,019 [INFO] [MainThread] [cli_server/cli_server.py:112]: Log pipe server stopped
2025-08-06 00:09:11,019 [DEBUG] [MainThread] [cli_server/cli_server.py:206]: CLI server stopped
2025-08-06 00:09:11,024 [INFO] [MainThread] [root/bar_manager.py:65]: Successfully loaded updated config and re-initialised all bars.
2025-08-06 00:09:11,024 [DEBUG] [MainThread] [qasync._windows._EventPoller/_windows.py:218]: Stopping worker thread...
2025-08-06 00:09:11,035 [DEBUG] [Dummy-9] [qasync._windows._EventWorker/_windows.py:201]: Exiting thread
2025-08-06 00:09:11,035 [DEBUG] [MainThread] [qasync._windows._IocpProactor/_windows.py:75]: Closing
2025-08-06 00:09:11,258 [INFO] [MainThread] [root/log.py:59]: YASB v1.7.9
2025-08-06 00:09:11,258 [INFO] [Thread-1 (_run_server)] [cli_server/cli_server.py:212]: CLI server started v1.1.2
2025-08-06 00:09:11,259 [INFO] [MainThread] [cli_server/cli_server.py:104]: Log pipe server started
2025-08-06 00:09:11,394 [DEBUG] [MainThread] [tzlocal/win32.py:55]: Looking up time zone info from registry
2025-08-06 00:09:11,455 [DEBUG] [MainThread] [comtypes/__init__.py:149]: CoInitializeEx(None, 2)
2025-08-06 00:09:11,763 [INFO] [MainThread] [root/bar_manager.py:74]: Starting KomorebiEventListener...
2025-08-06 00:09:11,763 [INFO] [MainThread] [root/watcher.py:54]: Created file watcher for path C:\Users\Quoopie\.config\yasb
2025-08-06 00:09:11,764 [INFO] [Dummy-5] [root/event_listener.py:51]: Created named pipe yasb-1b92d4e3-727b-11f0-9a75-b0a460cf7848
2025-08-06 00:09:11,801 [DEBUG] [MainThread] [qasync._windows._EventPoller/_windows.py:213]: Starting (proactor: <_IocpProactor overlapped#=0 result#=0>)...
2025-08-06 00:09:11,801 [DEBUG] [Dummy-9] [qasync._windows._EventWorker/_windows.py:192]: Thread started
2025-08-06 00:09:11,802 [DEBUG] [MainThread] [systray_widget/systray.py:519]: Loading state from C:\Users\Quoopie\AppData\Local\YASB\systray_state_LGELECTRONICSLGULTRAGEAR404NTVSGM895.json
2025-08-06 00:09:11,802 [DEBUG] [MainThread] [systray_widget/systray.py:529]: State file not found.
2025-08-06 00:09:11,803 [DEBUG] [TrayMonitor] [systray_widget/systray.py:58]: Systray thread is starting...
2025-08-06 00:09:11,803 [DEBUG] [TaskbarService] [systray_widget/systray.py:72]: TaskbarService thread is starting...
2025-08-06 00:09:11,805 [DEBUG] [TaskbarService] [root/tasks_service.py:75]: Found yasb systray hwnd: 1114966
2025-08-06 00:09:11,805 [DEBUG] [TaskbarService] [systray_widget/tasks_service.py:81]: Adding TaskbandHWND prop to hwnd 1114966
2025-08-06 00:09:11,815 [DEBUG] [MainThread] [systray_widget/systray.py:269]: Systray thread started
2025-08-06 00:09:11,833 [INFO] [Dummy-5] [root/event_listener.py:125]: Komorebi connected to named pipe: yasb-1b92d4e3-727b-11f0-9a75-b0a460cf7848
2025-08-06 00:09:12,015 [DEBUG] [TaskbarService] [systray_widget/tasks_service.py:81]: Adding TaskbandHWND prop to hwnd 1114966
2025-08-06 00:09:12,015 [DEBUG] [TrayMonitor] [systray_widget/tray_monitor.py:208]: Finding real tray hwnd
2025-08-06 00:09:12,022 [DEBUG] [MainThread] [systray_widget/tray_monitor.py:144]: Sending TaskbarCreated message: 49246
2025-08-06 00:09:13,064 [DEBUG] [MainThread] [systray_widget/systray.py:457]: Re-sorting widgets
2025-08-06 00:09:13,065 [DEBUG] [MainThread] [systray_widget/systray.py:479]: Updating current state
2025-08-06 00:09:39,766 [INFO] [MainThread] [root/utilities.py:213]: YASB added to startup
2025-08-06 00:15:13,391 [DEBUG] [MainThread] [systray_widget/systray.py:457]: Re-sorting widgets
2025-08-06 00:15:13,391 [DEBUG] [MainThread] [systray_widget/systray.py:479]: Updating current state
2025-08-06 00:17:49,714 [DEBUG] [MainThread] [systray_widget/systray.py:479]: Updating current state
2025-08-06 00:17:49,714 [DEBUG] [MainThread] [systray_widget/systray.py:497]: Saving state to disk
2025-08-06 00:17:49,714 [DEBUG] [MainThread] [systray_widget/systray.py:501]: Saving state to C:\Users\Quoopie\AppData\Local\YASB\systray_state_LGELECTRONICSLGULTRAGEAR404NTVSGM895.json
2025-08-06 00:17:49,714 [DEBUG] [MainThread] [systray_widget/systray.py:509]: State file not found.
2025-08-06 00:17:49,723 [DEBUG] [MainThread] [qasync._windows._EventPoller/_windows.py:218]: Stopping worker thread...
2025-08-06 00:17:49,730 [DEBUG] [Dummy-9] [qasync._windows._EventWorker/_windows.py:201]: Exiting thread
2025-08-06 00:17:49,730 [DEBUG] [MainThread] [qasync._windows._IocpProactor/_windows.py:75]: Closing
2025-08-06 00:17:49,768 [DEBUG] [MainThread] [systray_widget/utils.py:96]: Destroying window 2163718
2025-08-06 00:17:49,768 [DEBUG] [MainThread] [systray_widget/utils.py:96]: Destroying window 1114966
2025-08-06 00:17:49,769 [DEBUG] [TrayMonitor] [systray_widget/tray_monitor.py:149]: WM_CLOSE received, destroying window 1114966
2025-08-06 00:17:49,769 [DEBUG] [TrayMonitor] [systray_widget/tray_monitor.py:153]: WM_DESTROY received for window 1114966
2025-08-06 00:18:33,206 [INFO] [MainThread] [root/log.py:59]: YASB v1.7.9
2025-08-06 00:18:33,208 [INFO] [Thread-1 (_run_server)] [cli_server/cli_server.py:212]: CLI server started v1.1.2
2025-08-06 00:18:33,208 [INFO] [MainThread] [cli_server/cli_server.py:104]: Log pipe server started
2025-08-06 00:18:33,746 [DEBUG] [MainThread] [tzlocal/win32.py:55]: Looking up time zone info from registry
2025-08-06 00:18:34,948 [DEBUG] [MainThread] [comtypes/__init__.py:149]: CoInitializeEx(None, 2)
2025-08-06 00:18:35,598 [INFO] [MainThread] [root/bar_manager.py:74]: Starting KomorebiEventListener...
2025-08-06 00:18:35,598 [INFO] [MainThread] [root/watcher.py:54]: Created file watcher for path C:\Users\Quoopie\.config\yasb
2025-08-06 00:18:35,598 [INFO] [Dummy-5] [root/event_listener.py:51]: Created named pipe yasb-6ba526a7-727c-11f0-a8eb-b0a460cf7848
2025-08-06 00:18:35,780 [DEBUG] [MainThread] [qasync._windows._EventPoller/_windows.py:213]: Starting (proactor: <_IocpProactor overlapped#=0 result#=0>)...
2025-08-06 00:18:35,782 [DEBUG] [Dummy-9] [qasync._windows._EventWorker/_windows.py:192]: Thread started
2025-08-06 00:18:35,788 [DEBUG] [MainThread] [systray_widget/systray.py:519]: Loading state from C:\Users\Quoopie\AppData\Local\YASB\systray_state_LGELECTRONICSLGULTRAGEAR404NTVSGM895.json
2025-08-06 00:18:35,793 [DEBUG] [TrayMonitor] [systray_widget/systray.py:58]: Systray thread is starting...
2025-08-06 00:18:35,793 [DEBUG] [TaskbarService] [systray_widget/systray.py:72]: TaskbarService thread is starting...
2025-08-06 00:18:35,793 [DEBUG] [TaskbarService] [root/tasks_service.py:75]: Found yasb systray hwnd: 131870
2025-08-06 00:18:35,793 [DEBUG] [TaskbarService] [systray_widget/tasks_service.py:81]: Adding TaskbandHWND prop to hwnd 131870
2025-08-06 00:18:35,809 [DEBUG] [MainThread] [systray_widget/systray.py:269]: Systray thread started
2025-08-06 00:18:36,010 [DEBUG] [TaskbarService] [systray_widget/tasks_service.py:81]: Adding TaskbandHWND prop to hwnd 131870
2025-08-06 00:18:36,010 [DEBUG] [TrayMonitor] [systray_widget/tray_monitor.py:208]: Finding real tray hwnd
2025-08-06 00:18:36,017 [DEBUG] [MainThread] [systray_widget/tray_monitor.py:144]: Sending TaskbarCreated message: 49246
2025-08-06 00:18:37,906 [DEBUG] [MainThread] [systray_widget/systray.py:457]: Re-sorting widgets
2025-08-06 00:18:37,906 [DEBUG] [MainThread] [systray_widget/systray.py:479]: Updating current state
2025-08-06 00:18:41,054 [INFO] [Dummy-5] [root/event_listener.py:125]: Komorebi connected to named pipe: yasb-6ba526a7-727c-11f0-a8eb-b0a460cf7848
2025-08-06 00:18:51,824 [DEBUG] [MainThread] [systray_widget/systray.py:457]: Re-sorting widgets
2025-08-06 00:18:51,824 [DEBUG] [MainThread] [systray_widget/systray.py:479]: Updating current state
2025-08-06 00:24:09,351 [DEBUG] [MainThread] [systray_widget/systray.py:457]: Re-sorting widgets
2025-08-06 00:24:09,351 [DEBUG] [MainThread] [systray_widget/systray.py:479]: Updating current state
2025-08-06 00:36:21,696 [DEBUG] [MainThread] [systray_widget/systray.py:457]: Re-sorting widgets
2025-08-06 00:36:21,696 [DEBUG] [MainThread] [systray_widget/systray.py:479]: Updating current state
2025-08-06 00:37:06,257 [DEBUG] [MainThread] [systray_widget/systray.py:457]: Re-sorting widgets
2025-08-06 00:37:06,257 [DEBUG] [MainThread] [systray_widget/systray.py:479]: Updating current state
2025-08-06 00:37:21,074 [DEBUG] [MainThread] [systray_widget/systray.py:457]: Re-sorting widgets
2025-08-06 00:37:21,074 [DEBUG] [MainThread] [systray_widget/systray.py:479]: Updating current state
2025-08-06 00:45:53,875 [DEBUG] [MainThread] [systray_widget/systray.py:457]: Re-sorting widgets
2025-08-06 00:45:53,875 [DEBUG] [MainThread] [systray_widget/systray.py:479]: Updating current state
2025-08-06 01:03:32,153 [DEBUG] [MainThread] [systray_widget/systray.py:457]: Re-sorting widgets
2025-08-06 01:03:32,153 [DEBUG] [MainThread] [systray_widget/systray.py:479]: Updating current state
2025-08-06 01:30:45,507 [DEBUG] [MainThread] [systray_widget/systray.py:457]: Re-sorting widgets
2025-08-06 01:30:45,507 [DEBUG] [MainThread] [systray_widget/systray.py:479]: Updating current state
2025-08-06 01:31:23,095 [DEBUG] [MainThread] [systray_widget/systray.py:457]: Re-sorting widgets
2025-08-06 01:31:23,095 [DEBUG] [MainThread] [systray_widget/systray.py:479]: Updating current state
2025-08-06 02:18:41,487 [DEBUG] [MainThread] [systray_widget/systray.py:479]: Updating current state
2025-08-06 02:18:41,488 [DEBUG] [MainThread] [systray_widget/systray.py:497]: Saving state to disk
2025-08-06 02:18:41,488 [DEBUG] [MainThread] [systray_widget/systray.py:501]: Saving state to C:\Users\Quoopie\AppData\Local\YASB\systray_state_LGELECTRONICSLGULTRAGEAR404NTVSGM895.json
2025-08-06 02:18:41,492 [DEBUG] [MainThread] [qasync._windows._EventPoller/_windows.py:218]: Stopping worker thread...
2025-08-06 02:18:41,508 [DEBUG] [Dummy-9] [qasync._windows._EventWorker/_windows.py:201]: Exiting thread
2025-08-06 02:18:41,508 [DEBUG] [MainThread] [qasync._windows._IocpProactor/_windows.py:75]: Closing
2025-08-06 02:18:41,540 [DEBUG] [MainThread] [systray_widget/utils.py:96]: Destroying window 66392
2025-08-06 02:18:41,540 [DEBUG] [MainThread] [systray_widget/utils.py:96]: Destroying window 131870
2025-08-06 02:18:41,540 [DEBUG] [TrayMonitor] [systray_widget/tray_monitor.py:149]: WM_CLOSE received, destroying window 131870
2025-08-06 02:18:41,541 [DEBUG] [TrayMonitor] [systray_widget/tray_monitor.py:153]: WM_DESTROY received for window 131870
2025-08-06 22:54:33,726 [INFO] [MainThread] [root/log.py:59]: YASB v1.7.9
2025-08-06 22:54:33,726 [INFO] [Thread-1 (_run_server)] [cli_server/cli_server.py:212]: CLI server started v1.1.2
2025-08-06 22:54:33,727 [INFO] [MainThread] [cli_server/cli_server.py:104]: Log pipe server started
2025-08-06 22:54:33,872 [DEBUG] [MainThread] [tzlocal/win32.py:55]: Looking up time zone info from registry
2025-08-06 22:54:33,973 [DEBUG] [MainThread] [comtypes/__init__.py:149]: CoInitializeEx(None, 2)
2025-08-06 22:54:34,331 [INFO] [MainThread] [root/bar_manager.py:74]: Starting KomorebiEventListener...
2025-08-06 22:54:34,331 [INFO] [MainThread] [root/watcher.py:54]: Created file watcher for path C:\Users\Quoopie\.config\yasb
2025-08-06 22:54:34,331 [INFO] [Dummy-5] [root/event_listener.py:51]: Created named pipe yasb-d93ab7d5-7339-11f0-bfc4-b0a460cf7848
2025-08-06 22:54:34,375 [DEBUG] [MainThread] [qasync._windows._EventPoller/_windows.py:213]: Starting (proactor: <_IocpProactor overlapped#=0 result#=0>)...
2025-08-06 22:54:34,376 [DEBUG] [Dummy-9] [qasync._windows._EventWorker/_windows.py:192]: Thread started
2025-08-06 22:54:34,376 [DEBUG] [MainThread] [systray_widget/systray.py:519]: Loading state from C:\Users\Quoopie\AppData\Local\YASB\systray_state_LGELECTRONICSLGULTRAGEAR404NTVSGM895.json
2025-08-06 22:54:34,379 [DEBUG] [TrayMonitor] [systray_widget/systray.py:58]: Systray thread is starting...
2025-08-06 22:54:34,379 [DEBUG] [TaskbarService] [systray_widget/systray.py:72]: TaskbarService thread is starting...
2025-08-06 22:54:34,379 [DEBUG] [TaskbarService] [root/tasks_service.py:75]: Found yasb systray hwnd: 66330
2025-08-06 22:54:34,379 [DEBUG] [TaskbarService] [systray_widget/tasks_service.py:81]: Adding TaskbandHWND prop to hwnd 66330
2025-08-06 22:54:34,414 [DEBUG] [MainThread] [systray_widget/systray.py:269]: Systray thread started
2025-08-06 22:54:34,614 [DEBUG] [TaskbarService] [systray_widget/tasks_service.py:81]: Adding TaskbandHWND prop to hwnd 66330
2025-08-06 22:54:34,614 [DEBUG] [TrayMonitor] [systray_widget/tray_monitor.py:208]: Finding real tray hwnd
2025-08-06 22:54:34,623 [DEBUG] [MainThread] [systray_widget/tray_monitor.py:144]: Sending TaskbarCreated message: 49355
2025-08-06 22:54:35,628 [DEBUG] [MainThread] [systray_widget/systray.py:457]: Re-sorting widgets
2025-08-06 22:54:35,628 [DEBUG] [MainThread] [systray_widget/systray.py:479]: Updating current state
2025-08-06 22:54:38,111 [DEBUG] [MainThread] [systray_widget/systray.py:457]: Re-sorting widgets
2025-08-06 22:54:38,111 [DEBUG] [MainThread] [systray_widget/systray.py:479]: Updating current state
2025-08-06 22:54:43,051 [DEBUG] [MainThread] [systray_widget/systray.py:457]: Re-sorting widgets
2025-08-06 22:54:43,051 [DEBUG] [MainThread] [systray_widget/systray.py:479]: Updating current state
2025-08-06 22:54:49,550 [INFO] [Dummy-5] [root/event_listener.py:125]: Komorebi connected to named pipe: yasb-d93ab7d5-7339-11f0-bfc4-b0a460cf7848
2025-08-06 22:55:18,545 [DEBUG] [MainThread] [systray_widget/systray.py:457]: Re-sorting widgets
2025-08-06 22:55:18,545 [DEBUG] [MainThread] [systray_widget/systray.py:479]: Updating current state
2025-08-06 23:03:09,760 [DEBUG] [MainThread] [systray_widget/systray.py:457]: Re-sorting widgets
2025-08-06 23:03:09,760 [DEBUG] [MainThread] [systray_widget/systray.py:479]: Updating current state
2025-08-06 23:04:18,526 [DEBUG] [MainThread] [systray_widget/systray.py:457]: Re-sorting widgets
2025-08-06 23:04:18,526 [DEBUG] [MainThread] [systray_widget/systray.py:479]: Updating current state
2025-08-06 23:04:47,777 [DEBUG] [MainThread] [systray_widget/systray.py:457]: Re-sorting widgets
2025-08-06 23:04:47,777 [DEBUG] [MainThread] [systray_widget/systray.py:479]: Updating current state
2025-08-06 23:06:07,187 [DEBUG] [MainThread] [systray_widget/systray.py:457]: Re-sorting widgets
2025-08-06 23:06:07,187 [DEBUG] [MainThread] [systray_widget/systray.py:479]: Updating current state
2025-08-06 23:06:31,163 [DEBUG] [MainThread] [systray_widget/systray.py:457]: Re-sorting widgets
2025-08-06 23:06:31,163 [DEBUG] [MainThread] [systray_widget/systray.py:479]: Updating current state
2025-08-06 23:06:42,349 [DEBUG] [MainThread] [systray_widget/systray.py:479]: Updating current state
2025-08-06 23:06:42,349 [DEBUG] [MainThread] [systray_widget/systray.py:497]: Saving state to disk
2025-08-06 23:06:42,349 [DEBUG] [MainThread] [systray_widget/systray.py:501]: Saving state to C:\Users\Quoopie\AppData\Local\YASB\systray_state_LGELECTRONICSLGULTRAGEAR404NTVSGM895.json
2025-08-06 23:06:42,360 [WARNING] [Dummy-5] [root/event_listener.py:82]: Pipe has been ended: (109, 'PeekNamedPipe', 'The pipe has been ended.')
2025-08-06 23:06:42,360 [INFO] [Dummy-5] [root/event_listener.py:92]: Attempting to reconnect to Komorebi...
2025-08-06 23:07:29,315 [INFO] [MainThread] [root/log.py:59]: YASB v1.7.9
2025-08-06 23:07:29,315 [INFO] [Thread-1 (_run_server)] [cli_server/cli_server.py:212]: CLI server started v1.1.2
2025-08-06 23:07:29,315 [INFO] [MainThread] [cli_server/cli_server.py:104]: Log pipe server started
2025-08-06 23:07:29,929 [DEBUG] [MainThread] [tzlocal/win32.py:55]: Looking up time zone info from registry
2025-08-06 23:07:31,372 [DEBUG] [MainThread] [comtypes/__init__.py:149]: CoInitializeEx(None, 2)
2025-08-06 23:07:31,993 [INFO] [MainThread] [root/bar_manager.py:74]: Starting KomorebiEventListener...
2025-08-06 23:07:31,993 [INFO] [MainThread] [root/watcher.py:54]: Created file watcher for path C:\Users\Quoopie\.config\yasb
2025-08-06 23:07:31,993 [INFO] [Dummy-5] [root/event_listener.py:51]: Created named pipe yasb-a8c08193-733b-11f0-b291-b0a460cf7848
2025-08-06 23:07:32,073 [DEBUG] [MainThread] [qasync._windows._EventPoller/_windows.py:213]: Starting (proactor: <_IocpProactor overlapped#=0 result#=0>)...
2025-08-06 23:07:32,073 [DEBUG] [Dummy-9] [qasync._windows._EventWorker/_windows.py:192]: Thread started
2025-08-06 23:07:32,073 [DEBUG] [MainThread] [systray_widget/systray.py:519]: Loading state from C:\Users\Quoopie\AppData\Local\YASB\systray_state_LGELECTRONICSLGULTRAGEAR404NTVSGM895.json
2025-08-06 23:07:32,083 [DEBUG] [TaskbarService] [systray_widget/systray.py:72]: TaskbarService thread is starting...
2025-08-06 23:07:32,083 [DEBUG] [TrayMonitor] [systray_widget/systray.py:58]: Systray thread is starting...
2025-08-06 23:07:32,088 [DEBUG] [TaskbarService] [root/tasks_service.py:75]: Found yasb systray hwnd: 66388
2025-08-06 23:07:32,088 [DEBUG] [TaskbarService] [systray_widget/tasks_service.py:81]: Adding TaskbandHWND prop to hwnd 66388
2025-08-06 23:07:32,091 [DEBUG] [MainThread] [systray_widget/systray.py:269]: Systray thread started
2025-08-06 23:07:32,291 [DEBUG] [TaskbarService] [systray_widget/tasks_service.py:81]: Adding TaskbandHWND prop to hwnd 66388
2025-08-06 23:07:32,291 [DEBUG] [TrayMonitor] [systray_widget/tray_monitor.py:208]: Finding real tray hwnd
2025-08-06 23:07:32,297 [DEBUG] [MainThread] [systray_widget/tray_monitor.py:144]: Sending TaskbarCreated message: 49248
2025-08-06 23:07:33,308 [DEBUG] [MainThread] [systray_widget/systray.py:457]: Re-sorting widgets
2025-08-06 23:07:33,308 [DEBUG] [MainThread] [systray_widget/systray.py:479]: Updating current state
2025-08-06 23:07:34,986 [DEBUG] [MainThread] [systray_widget/systray.py:457]: Re-sorting widgets
2025-08-06 23:07:34,986 [DEBUG] [MainThread] [systray_widget/systray.py:479]: Updating current state
2025-08-06 23:07:42,535 [INFO] [Dummy-5] [root/event_listener.py:125]: Komorebi connected to named pipe: yasb-a8c08193-733b-11f0-b291-b0a460cf7848
2025-08-06 23:09:37,214 [DEBUG] [MainThread] [systray_widget/systray.py:457]: Re-sorting widgets
2025-08-06 23:09:37,214 [DEBUG] [MainThread] [systray_widget/systray.py:479]: Updating current state
2025-08-06 23:10:06,349 [DEBUG] [MainThread] [systray_widget/systray.py:479]: Updating current state
2025-08-06 23:10:06,349 [DEBUG] [MainThread] [systray_widget/systray.py:497]: Saving state to disk
2025-08-06 23:10:06,349 [DEBUG] [MainThread] [systray_widget/systray.py:501]: Saving state to C:\Users\Quoopie\AppData\Local\YASB\systray_state_LGELECTRONICSLGULTRAGEAR404NTVSGM895.json
2025-08-06 23:10:06,366 [DEBUG] [MainThread] [qasync._windows._EventPoller/_windows.py:218]: Stopping worker thread...
2025-08-06 23:10:06,377 [DEBUG] [Dummy-9] [qasync._windows._EventWorker/_windows.py:201]: Exiting thread
2025-08-06 23:10:06,377 [DEBUG] [MainThread] [qasync._windows._IocpProactor/_windows.py:75]: Closing
2025-08-06 23:10:06,396 [ERROR] [Dummy-5] [root/event_service.py:32]: Failed to emit signal <bound PYQT_SIGNAL k_signal_update of WorkspaceWidget object at 0x000001E8666CB430>. Removing link to KomorebiEvent.KomorebiUpdate.
2025-08-06 23:10:06,396 [DEBUG] [MainThread] [systray_widget/utils.py:96]: Destroying window 66386
2025-08-06 23:10:06,396 [DEBUG] [MainThread] [systray_widget/utils.py:96]: Destroying window 66388
2025-08-06 23:10:06,396 [DEBUG] [TrayMonitor] [systray_widget/tray_monitor.py:149]: WM_CLOSE received, destroying window 66388
2025-08-06 23:11:23,067 [INFO] [MainThread] [root/log.py:59]: YASB v1.7.9
2025-08-06 23:11:23,067 [INFO] [Thread-1 (_run_server)] [cli_server/cli_server.py:212]: CLI server started v1.1.2
2025-08-06 23:11:23,067 [INFO] [MainThread] [cli_server/cli_server.py:104]: Log pipe server started
2025-08-06 23:11:23,669 [DEBUG] [MainThread] [tzlocal/win32.py:55]: Looking up time zone info from registry
2025-08-06 23:11:24,999 [DEBUG] [MainThread] [comtypes/__init__.py:149]: CoInitializeEx(None, 2)
2025-08-06 23:11:26,133 [INFO] [MainThread] [root/bar_manager.py:74]: Starting KomorebiEventListener...
2025-08-06 23:11:26,133 [INFO] [MainThread] [root/watcher.py:54]: Created file watcher for path C:\Users\Quoopie\.config\yasb
2025-08-06 23:11:26,133 [INFO] [Dummy-5] [root/event_listener.py:51]: Created named pipe yasb-344f6aaa-733c-11f0-b195-b0a460cf7848
2025-08-06 23:11:26,180 [DEBUG] [MainThread] [qasync._windows._EventPoller/_windows.py:213]: Starting (proactor: <_IocpProactor overlapped#=0 result#=0>)...
2025-08-06 23:11:26,180 [DEBUG] [Dummy-9] [qasync._windows._EventWorker/_windows.py:192]: Thread started
2025-08-06 23:11:26,180 [DEBUG] [MainThread] [systray_widget/systray.py:519]: Loading state from C:\Users\Quoopie\AppData\Local\YASB\systray_state_LGELECTRONICSLGULTRAGEAR404NTVSGM895.json
2025-08-06 23:11:26,199 [DEBUG] [TaskbarService] [systray_widget/systray.py:72]: TaskbarService thread is starting...
2025-08-06 23:11:26,199 [DEBUG] [TrayMonitor] [systray_widget/systray.py:58]: Systray thread is starting...
2025-08-06 23:11:26,199 [DEBUG] [TaskbarService] [root/tasks_service.py:75]: Found yasb systray hwnd: 66310
2025-08-06 23:11:26,199 [DEBUG] [TaskbarService] [systray_widget/tasks_service.py:81]: Adding TaskbandHWND prop to hwnd 66310
2025-08-06 23:11:26,213 [DEBUG] [MainThread] [systray_widget/systray.py:269]: Systray thread started
2025-08-06 23:11:26,414 [DEBUG] [TaskbarService] [systray_widget/tasks_service.py:81]: Adding TaskbandHWND prop to hwnd 66310
2025-08-06 23:11:26,414 [DEBUG] [TrayMonitor] [systray_widget/tray_monitor.py:208]: Finding real tray hwnd
2025-08-06 23:11:26,421 [DEBUG] [MainThread] [systray_widget/tray_monitor.py:144]: Sending TaskbarCreated message: 49246
2025-08-06 23:11:28,051 [DEBUG] [MainThread] [systray_widget/systray.py:457]: Re-sorting widgets
2025-08-06 23:11:28,051 [DEBUG] [MainThread] [systray_widget/systray.py:479]: Updating current state
2025-08-06 23:11:29,462 [DEBUG] [MainThread] [systray_widget/systray.py:457]: Re-sorting widgets
2025-08-06 23:11:29,462 [DEBUG] [MainThread] [systray_widget/systray.py:479]: Updating current state
2025-08-06 23:11:36,517 [INFO] [Dummy-5] [root/event_listener.py:125]: Komorebi connected to named pipe: yasb-344f6aaa-733c-11f0-b195-b0a460cf7848
2025-08-06 23:11:44,029 [DEBUG] [MainThread] [systray_widget/systray.py:457]: Re-sorting widgets
2025-08-06 23:11:44,029 [DEBUG] [MainThread] [systray_widget/systray.py:479]: Updating current state
2025-08-06 23:14:09,081 [DEBUG] [MainThread] [systray_widget/systray.py:457]: Re-sorting widgets
2025-08-06 23:14:09,081 [DEBUG] [MainThread] [systray_widget/systray.py:479]: Updating current state
2025-08-06 23:29:53,213 [DEBUG] [MainThread] [systray_widget/systray.py:457]: Re-sorting widgets
2025-08-06 23:29:53,213 [DEBUG] [MainThread] [systray_widget/systray.py:479]: Updating current state
2025-08-07 00:32:29,727 [DEBUG] [MainThread] [systray_widget/systray.py:457]: Re-sorting widgets
2025-08-07 00:32:29,728 [DEBUG] [MainThread] [systray_widget/systray.py:479]: Updating current state
2025-08-07 00:38:21,895 [DEBUG] [MainThread] [systray_widget/systray.py:457]: Re-sorting widgets
2025-08-07 00:38:21,895 [DEBUG] [MainThread] [systray_widget/systray.py:479]: Updating current state
2025-08-07 00:43:59,152 [DEBUG] [MainThread] [systray_widget/systray.py:457]: Re-sorting widgets
2025-08-07 00:43:59,152 [DEBUG] [MainThread] [systray_widget/systray.py:479]: Updating current state
2025-08-07 00:44:14,497 [DEBUG] [MainThread] [systray_widget/systray.py:457]: Re-sorting widgets
2025-08-07 00:44:14,497 [DEBUG] [MainThread] [systray_widget/systray.py:479]: Updating current state
2025-08-07 00:52:00,147 [DEBUG] [MainThread] [systray_widget/systray.py:457]: Re-sorting widgets
2025-08-07 00:52:00,147 [DEBUG] [MainThread] [systray_widget/systray.py:479]: Updating current state
2025-08-07 01:22:02,658 [DEBUG] [MainThread] [systray_widget/systray.py:457]: Re-sorting widgets
2025-08-07 01:22:02,658 [DEBUG] [MainThread] [systray_widget/systray.py:479]: Updating current state
2025-08-07 01:44:42,389 [DEBUG] [MainThread] [systray_widget/systray.py:457]: Re-sorting widgets
2025-08-07 01:44:42,389 [DEBUG] [MainThread] [systray_widget/systray.py:479]: Updating current state
2025-08-07 01:45:50,573 [DEBUG] [MainThread] [systray_widget/systray.py:457]: Re-sorting widgets
2025-08-07 01:45:50,573 [DEBUG] [MainThread] [systray_widget/systray.py:479]: Updating current state
2025-08-07 03:13:28,917 [DEBUG] [MainThread] [systray_widget/systray.py:479]: Updating current state
2025-08-07 03:13:28,917 [DEBUG] [MainThread] [systray_widget/systray.py:497]: Saving state to disk
2025-08-07 03:13:28,917 [DEBUG] [MainThread] [systray_widget/systray.py:501]: Saving state to C:\Users\Quoopie\AppData\Local\YASB\systray_state_LGELECTRONICSLGULTRAGEAR404NTVSGM895.json
2025-08-07 03:13:28,937 [DEBUG] [MainThread] [qasync._windows._EventPoller/_windows.py:218]: Stopping worker thread...
2025-08-07 03:13:28,943 [DEBUG] [Dummy-9] [qasync._windows._EventWorker/_windows.py:201]: Exiting thread
2025-08-07 03:13:28,943 [DEBUG] [MainThread] [qasync._windows._IocpProactor/_windows.py:75]: Closing
2025-08-07 03:13:28,965 [DEBUG] [MainThread] [systray_widget/utils.py:96]: Destroying window 66308
2025-08-07 03:13:28,965 [DEBUG] [MainThread] [systray_widget/utils.py:96]: Destroying window 66310
2025-08-07 03:13:28,965 [DEBUG] [TrayMonitor] [systray_widget/tray_monitor.py:149]: WM_CLOSE received, destroying window 66310
2025-08-07 03:13:28,975 [DEBUG] [TrayMonitor] [systray_widget/tray_monitor.py:153]: WM_DESTROY received for window 66310
2025-08-07 12:58:56,496 [INFO] [MainThread] [root/log.py:59]: YASB v1.7.9
2025-08-07 12:58:56,496 [INFO] [Thread-1 (_run_server)] [cli_server/cli_server.py:212]: CLI server started v1.1.2
2025-08-07 12:58:56,496 [INFO] [MainThread] [cli_server/cli_server.py:104]: Log pipe server started
2025-08-07 12:58:57,088 [DEBUG] [MainThread] [tzlocal/win32.py:55]: Looking up time zone info from registry
2025-08-07 12:58:58,450 [DEBUG] [MainThread] [comtypes/__init__.py:149]: CoInitializeEx(None, 2)
2025-08-07 12:58:59,072 [INFO] [MainThread] [root/bar_manager.py:74]: Starting KomorebiEventListener...
2025-08-07 12:58:59,072 [INFO] [MainThread] [root/watcher.py:54]: Created file watcher for path C:\Users\Quoopie\.config\yasb
2025-08-07 12:58:59,072 [INFO] [Dummy-5] [root/event_listener.py:51]: Created named pipe yasb-cfc4a2f3-73af-11f0-97c2-b0a460cf7848
2025-08-07 12:58:59,116 [DEBUG] [MainThread] [qasync._windows._EventPoller/_windows.py:213]: Starting (proactor: <_IocpProactor overlapped#=0 result#=0>)...
2025-08-07 12:58:59,116 [DEBUG] [Dummy-9] [qasync._windows._EventWorker/_windows.py:192]: Thread started
2025-08-07 12:58:59,118 [DEBUG] [MainThread] [systray_widget/systray.py:519]: Loading state from C:\Users\Quoopie\AppData\Local\YASB\systray_state_LGELECTRONICSLGULTRAGEAR404NTVSGM895.json
2025-08-07 12:58:59,120 [DEBUG] [TrayMonitor] [systray_widget/systray.py:58]: Systray thread is starting...
2025-08-07 12:58:59,120 [DEBUG] [TaskbarService] [systray_widget/systray.py:72]: TaskbarService thread is starting...
2025-08-07 12:58:59,122 [DEBUG] [TaskbarService] [root/tasks_service.py:75]: Found yasb systray hwnd: 66330
2025-08-07 12:58:59,122 [DEBUG] [TaskbarService] [systray_widget/tasks_service.py:81]: Adding TaskbandHWND prop to hwnd 66330
2025-08-07 12:58:59,150 [INFO] [Dummy-5] [root/event_listener.py:125]: Komorebi connected to named pipe: yasb-cfc4a2f3-73af-11f0-97c2-b0a460cf7848
2025-08-07 12:58:59,155 [DEBUG] [MainThread] [systray_widget/systray.py:269]: Systray thread started
2025-08-07 12:58:59,358 [DEBUG] [TaskbarService] [systray_widget/tasks_service.py:81]: Adding TaskbandHWND prop to hwnd 66330
2025-08-07 12:58:59,358 [DEBUG] [TrayMonitor] [systray_widget/tray_monitor.py:208]: Finding real tray hwnd
2025-08-07 12:58:59,364 [DEBUG] [MainThread] [systray_widget/tray_monitor.py:144]: Sending TaskbarCreated message: 49355
2025-08-07 12:59:01,247 [DEBUG] [MainThread] [systray_widget/systray.py:457]: Re-sorting widgets
2025-08-07 12:59:01,247 [DEBUG] [MainThread] [systray_widget/systray.py:479]: Updating current state
2025-08-07 12:59:17,621 [DEBUG] [MainThread] [systray_widget/systray.py:457]: Re-sorting widgets
2025-08-07 12:59:17,621 [DEBUG] [MainThread] [systray_widget/systray.py:479]: Updating current state
2025-08-07 16:22:47,307 [DEBUG] [MainThread] [systray_widget/systray.py:479]: Updating current state
2025-08-07 16:22:47,307 [DEBUG] [MainThread] [systray_widget/systray.py:497]: Saving state to disk
2025-08-07 16:22:47,307 [DEBUG] [MainThread] [systray_widget/systray.py:501]: Saving state to C:\Users\Quoopie\AppData\Local\YASB\systray_state_LGELECTRONICSLGULTRAGEAR404NTVSGM895.json
2025-08-07 16:22:47,330 [DEBUG] [MainThread] [qasync._windows._EventPoller/_windows.py:218]: Stopping worker thread...
2025-08-07 16:22:47,338 [DEBUG] [Dummy-9] [qasync._windows._EventWorker/_windows.py:201]: Exiting thread
2025-08-07 16:22:47,338 [DEBUG] [MainThread] [qasync._windows._IocpProactor/_windows.py:75]: Closing
2025-08-07 16:22:47,370 [DEBUG] [MainThread] [systray_widget/utils.py:96]: Destroying window 66334
2025-08-07 16:22:47,370 [DEBUG] [MainThread] [systray_widget/utils.py:96]: Destroying window 66330
2025-08-07 16:22:47,370 [DEBUG] [TrayMonitor] [systray_widget/tray_monitor.py:149]: WM_CLOSE received, destroying window 66330
2025-08-07 16:22:47,370 [DEBUG] [TrayMonitor] [systray_widget/tray_monitor.py:153]: WM_DESTROY received for window 66330
2025-08-07 21:52:01,963 [INFO] [MainThread] [root/log.py:59]: YASB v1.7.9
2025-08-07 21:52:01,963 [INFO] [Thread-1 (_run_server)] [cli_server/cli_server.py:212]: CLI server started v1.1.2
2025-08-07 21:52:01,963 [INFO] [MainThread] [cli_server/cli_server.py:104]: Log pipe server started
2025-08-07 21:52:02,575 [DEBUG] [MainThread] [tzlocal/win32.py:55]: Looking up time zone info from registry
2025-08-07 21:52:03,963 [DEBUG] [MainThread] [comtypes/__init__.py:149]: CoInitializeEx(None, 2)
2025-08-07 21:52:04,582 [INFO] [MainThread] [root/bar_manager.py:74]: Starting KomorebiEventListener...
2025-08-07 21:52:04,582 [INFO] [MainThread] [root/watcher.py:54]: Created file watcher for path C:\Users\Quoopie\.config\yasb
2025-08-07 21:52:04,582 [INFO] [Dummy-5] [root/event_listener.py:51]: Created named pipe yasb-489e192a-73fa-11f0-a476-b0a460cf7848
2025-08-07 21:52:04,607 [DEBUG] [MainThread] [qasync._windows._EventPoller/_windows.py:213]: Starting (proactor: <_IocpProactor overlapped#=0 result#=0>)...
2025-08-07 21:52:04,623 [DEBUG] [Dummy-9] [qasync._windows._EventWorker/_windows.py:192]: Thread started
2025-08-07 21:52:04,623 [DEBUG] [MainThread] [systray_widget/systray.py:519]: Loading state from C:\Users\Quoopie\AppData\Local\YASB\systray_state_LGELECTRONICSLGULTRAGEAR404NTVSGM895.json
2025-08-07 21:52:04,625 [DEBUG] [TrayMonitor] [systray_widget/systray.py:58]: Systray thread is starting...
2025-08-07 21:52:04,625 [DEBUG] [TaskbarService] [systray_widget/systray.py:72]: TaskbarService thread is starting...
2025-08-07 21:52:04,627 [DEBUG] [TaskbarService] [root/tasks_service.py:75]: Found yasb systray hwnd: 66274
2025-08-07 21:52:04,627 [DEBUG] [TaskbarService] [systray_widget/tasks_service.py:81]: Adding TaskbandHWND prop to hwnd 66274
2025-08-07 21:52:04,654 [DEBUG] [MainThread] [systray_widget/systray.py:269]: Systray thread started
2025-08-07 21:52:04,854 [DEBUG] [TaskbarService] [systray_widget/tasks_service.py:81]: Adding TaskbandHWND prop to hwnd 66274
2025-08-07 21:52:04,854 [DEBUG] [TrayMonitor] [systray_widget/tray_monitor.py:208]: Finding real tray hwnd
2025-08-07 21:52:04,860 [DEBUG] [MainThread] [systray_widget/tray_monitor.py:144]: Sending TaskbarCreated message: 49355
2025-08-07 21:52:05,871 [DEBUG] [MainThread] [systray_widget/systray.py:457]: Re-sorting widgets
2025-08-07 21:52:05,871 [DEBUG] [MainThread] [systray_widget/systray.py:479]: Updating current state
2025-08-07 21:52:06,946 [DEBUG] [MainThread] [systray_widget/systray.py:457]: Re-sorting widgets
2025-08-07 21:52:06,946 [DEBUG] [MainThread] [systray_widget/systray.py:479]: Updating current state
2025-08-07 21:52:09,937 [INFO] [Dummy-5] [root/event_listener.py:125]: Komorebi connected to named pipe: yasb-489e192a-73fa-11f0-a476-b0a460cf7848
2025-08-07 21:52:16,165 [DEBUG] [MainThread] [systray_widget/systray.py:457]: Re-sorting widgets
2025-08-07 21:52:16,165 [DEBUG] [MainThread] [systray_widget/systray.py:479]: Updating current state
2025-08-07 21:57:04,955 [DEBUG] [MainThread] [systray_widget/systray.py:457]: Re-sorting widgets
2025-08-07 21:57:04,955 [DEBUG] [MainThread] [systray_widget/systray.py:479]: Updating current state
2025-08-08 00:34:45,077 [DEBUG] [MainThread] [systray_widget/systray.py:457]: Re-sorting widgets
2025-08-08 00:34:45,077 [DEBUG] [MainThread] [systray_widget/systray.py:479]: Updating current state
2025-08-08 00:41:53,377 [DEBUG] [MainThread] [systray_widget/systray.py:457]: Re-sorting widgets
2025-08-08 00:41:53,377 [DEBUG] [MainThread] [systray_widget/systray.py:479]: Updating current state
2025-08-08 00:41:56,085 [DEBUG] [MainThread] [systray_widget/systray.py:457]: Re-sorting widgets
2025-08-08 00:41:56,085 [DEBUG] [MainThread] [systray_widget/systray.py:479]: Updating current state
2025-08-08 00:55:26,130 [DEBUG] [MainThread] [systray_widget/systray.py:479]: Updating current state
2025-08-08 00:55:26,130 [DEBUG] [MainThread] [systray_widget/systray.py:497]: Saving state to disk
2025-08-08 00:55:26,130 [DEBUG] [MainThread] [systray_widget/systray.py:501]: Saving state to C:\Users\Quoopie\AppData\Local\YASB\systray_state_LGELECTRONICSLGULTRAGEAR404NTVSGM895.json
2025-08-08 00:55:26,141 [DEBUG] [MainThread] [qasync._windows._EventPoller/_windows.py:218]: Stopping worker thread...
2025-08-08 00:55:26,153 [DEBUG] [Dummy-9] [qasync._windows._EventWorker/_windows.py:201]: Exiting thread
2025-08-08 00:55:26,153 [DEBUG] [MainThread] [qasync._windows._IocpProactor/_windows.py:75]: Closing
2025-08-08 00:55:26,188 [ERROR] [Dummy-5] [root/event_service.py:32]: Failed to emit signal <bound PYQT_SIGNAL k_signal_update of WorkspaceWidget object at 0x000002797AB0B430>. Removing link to KomorebiEvent.KomorebiUpdate.
2025-08-08 00:55:26,188 [DEBUG] [MainThread] [systray_widget/utils.py:96]: Destroying window 66276
2025-08-08 00:55:26,189 [DEBUG] [MainThread] [systray_widget/utils.py:96]: Destroying window 66274
2025-08-08 00:55:26,189 [DEBUG] [TrayMonitor] [systray_widget/tray_monitor.py:149]: WM_CLOSE received, destroying window 66274
2025-08-08 00:55:26,189 [DEBUG] [TrayMonitor] [systray_widget/tray_monitor.py:153]: WM_DESTROY received for window 66274
2025-08-08 12:10:29,465 [INFO] [MainThread] [root/log.py:59]: YASB v1.7.9
2025-08-08 12:10:29,465 [INFO] [Thread-1 (_run_server)] [cli_server/cli_server.py:212]: CLI server started v1.1.2
2025-08-08 12:10:29,465 [INFO] [MainThread] [cli_server/cli_server.py:104]: Log pipe server started
2025-08-08 12:10:29,915 [DEBUG] [MainThread] [tzlocal/win32.py:55]: Looking up time zone info from registry
2025-08-08 12:10:31,341 [DEBUG] [MainThread] [comtypes/__init__.py:149]: CoInitializeEx(None, 2)
2025-08-08 12:10:31,962 [INFO] [MainThread] [root/bar_manager.py:74]: Starting KomorebiEventListener...
2025-08-08 12:10:31,962 [INFO] [MainThread] [root/watcher.py:54]: Created file watcher for path C:\Users\Quoopie\.config\yasb
2025-08-08 12:10:31,962 [INFO] [Dummy-5] [root/event_listener.py:51]: Created named pipe yasb-356885a6-7472-11f0-b894-b0a460cf7848
2025-08-08 12:10:32,004 [DEBUG] [MainThread] [qasync._windows._EventPoller/_windows.py:213]: Starting (proactor: <_IocpProactor overlapped#=0 result#=0>)...
2025-08-08 12:10:32,004 [DEBUG] [Dummy-9] [qasync._windows._EventWorker/_windows.py:192]: Thread started
2025-08-08 12:10:32,006 [DEBUG] [MainThread] [systray_widget/systray.py:519]: Loading state from C:\Users\Quoopie\AppData\Local\YASB\systray_state_LGELECTRONICSLGULTRAGEAR404NTVSGM895.json
2025-08-08 12:10:32,006 [DEBUG] [TrayMonitor] [systray_widget/systray.py:58]: Systray thread is starting...
2025-08-08 12:10:32,006 [DEBUG] [TaskbarService] [systray_widget/systray.py:72]: TaskbarService thread is starting...
2025-08-08 12:10:32,008 [DEBUG] [TaskbarService] [root/tasks_service.py:75]: Found yasb systray hwnd: 66362
2025-08-08 12:10:32,008 [DEBUG] [TaskbarService] [systray_widget/tasks_service.py:81]: Adding TaskbandHWND prop to hwnd 66362
2025-08-08 12:10:32,043 [DEBUG] [MainThread] [systray_widget/systray.py:269]: Systray thread started
2025-08-08 12:10:32,243 [DEBUG] [TaskbarService] [systray_widget/tasks_service.py:81]: Adding TaskbandHWND prop to hwnd 66362
2025-08-08 12:10:32,243 [DEBUG] [TrayMonitor] [systray_widget/tray_monitor.py:208]: Finding real tray hwnd
2025-08-08 12:10:32,250 [DEBUG] [MainThread] [systray_widget/tray_monitor.py:144]: Sending TaskbarCreated message: 49355
2025-08-08 12:10:33,261 [DEBUG] [MainThread] [systray_widget/systray.py:457]: Re-sorting widgets
2025-08-08 12:10:33,261 [DEBUG] [MainThread] [systray_widget/systray.py:479]: Updating current state
2025-08-08 12:10:37,360 [INFO] [Dummy-5] [root/event_listener.py:125]: Komorebi connected to named pipe: yasb-356885a6-7472-11f0-b894-b0a460cf7848
2025-08-08 12:10:38,134 [DEBUG] [MainThread] [systray_widget/systray.py:457]: Re-sorting widgets
2025-08-08 12:10:38,134 [DEBUG] [MainThread] [systray_widget/systray.py:479]: Updating current state
2025-08-08 12:26:30,762 [DEBUG] [MainThread] [systray_widget/systray.py:479]: Updating current state
2025-08-08 12:26:30,762 [DEBUG] [MainThread] [systray_widget/systray.py:497]: Saving state to disk
2025-08-08 12:26:30,762 [DEBUG] [MainThread] [systray_widget/systray.py:501]: Saving state to C:\Users\Quoopie\AppData\Local\YASB\systray_state_LGELECTRONICSLGULTRAGEAR404NTVSGM895.json
2025-08-08 12:26:30,775 [DEBUG] [MainThread] [qasync._windows._EventPoller/_windows.py:218]: Stopping worker thread...
2025-08-08 12:26:30,790 [DEBUG] [Dummy-9] [qasync._windows._EventWorker/_windows.py:201]: Exiting thread
2025-08-08 12:26:30,790 [DEBUG] [MainThread] [qasync._windows._IocpProactor/_windows.py:75]: Closing
2025-08-08 12:26:30,811 [DEBUG] [MainThread] [systray_widget/utils.py:96]: Destroying window 66364
2025-08-08 12:26:30,811 [DEBUG] [MainThread] [systray_widget/utils.py:96]: Destroying window 66362
2025-08-08 12:26:30,811 [DEBUG] [TrayMonitor] [systray_widget/tray_monitor.py:149]: WM_CLOSE received, destroying window 66362
2025-08-08 12:26:30,811 [DEBUG] [TrayMonitor] [systray_widget/tray_monitor.py:153]: WM_DESTROY received for window 66362
2025-08-08 20:12:01,057 [INFO] [MainThread] [root/log.py:59]: YASB v1.7.9
2025-08-08 20:12:01,060 [INFO] [Thread-1 (_run_server)] [cli_server/cli_server.py:212]: CLI server started v1.1.2
2025-08-08 20:12:01,060 [INFO] [MainThread] [cli_server/cli_server.py:104]: Log pipe server started
2025-08-08 20:12:01,686 [DEBUG] [MainThread] [tzlocal/win32.py:55]: Looking up time zone info from registry
2025-08-08 20:12:03,084 [DEBUG] [MainThread] [comtypes/__init__.py:149]: CoInitializeEx(None, 2)
2025-08-08 20:12:03,746 [INFO] [MainThread] [root/bar_manager.py:74]: Starting KomorebiEventListener...
2025-08-08 20:12:03,746 [INFO] [MainThread] [root/watcher.py:54]: Created file watcher for path C:\Users\Quoopie\.config\yasb
2025-08-08 20:12:03,746 [INFO] [Dummy-5] [root/event_listener.py:51]: Created named pipe yasb-7a40fd38-74b5-11f0-b722-b0a460cf7848
2025-08-08 20:12:03,794 [DEBUG] [MainThread] [qasync._windows._EventPoller/_windows.py:213]: Starting (proactor: <_IocpProactor overlapped#=0 result#=0>)...
2025-08-08 20:12:03,794 [DEBUG] [Dummy-9] [qasync._windows._EventWorker/_windows.py:192]: Thread started
2025-08-08 20:12:03,794 [DEBUG] [MainThread] [systray_widget/systray.py:519]: Loading state from C:\Users\Quoopie\AppData\Local\YASB\systray_state_LGELECTRONICSLGULTRAGEAR404NTVSGM895.json
2025-08-08 20:12:03,796 [DEBUG] [TrayMonitor] [systray_widget/systray.py:58]: Systray thread is starting...
2025-08-08 20:12:03,796 [DEBUG] [TaskbarService] [systray_widget/systray.py:72]: TaskbarService thread is starting...
2025-08-08 20:12:03,798 [DEBUG] [TaskbarService] [root/tasks_service.py:75]: Found yasb systray hwnd: 66344
2025-08-08 20:12:03,798 [DEBUG] [TaskbarService] [systray_widget/tasks_service.py:81]: Adding TaskbandHWND prop to hwnd 66344
2025-08-08 20:12:03,842 [DEBUG] [MainThread] [systray_widget/systray.py:269]: Systray thread started
2025-08-08 20:12:04,007 [INFO] [Dummy-5] [root/event_listener.py:125]: Komorebi connected to named pipe: yasb-7a40fd38-74b5-11f0-b722-b0a460cf7848
2025-08-08 20:12:04,043 [DEBUG] [TaskbarService] [systray_widget/tasks_service.py:81]: Adding TaskbandHWND prop to hwnd 66344
2025-08-08 20:12:04,044 [DEBUG] [TrayMonitor] [systray_widget/tray_monitor.py:208]: Finding real tray hwnd
2025-08-08 20:12:04,051 [DEBUG] [MainThread] [systray_widget/tray_monitor.py:144]: Sending TaskbarCreated message: 49355
2025-08-08 20:12:05,845 [DEBUG] [MainThread] [systray_widget/systray.py:457]: Re-sorting widgets
2025-08-08 20:12:05,845 [DEBUG] [MainThread] [systray_widget/systray.py:479]: Updating current state
2025-08-08 20:23:52,961 [DEBUG] [MainThread] [systray_widget/systray.py:457]: Re-sorting widgets
2025-08-08 20:23:52,961 [DEBUG] [MainThread] [systray_widget/systray.py:479]: Updating current state
2025-08-08 21:25:58,024 [DEBUG] [MainThread] [systray_widget/systray.py:457]: Re-sorting widgets
2025-08-08 21:25:58,025 [DEBUG] [MainThread] [systray_widget/systray.py:479]: Updating current state
2025-08-08 21:27:52,965 [DEBUG] [MainThread] [systray_widget/systray.py:457]: Re-sorting widgets
2025-08-08 21:27:52,966 [DEBUG] [MainThread] [systray_widget/systray.py:479]: Updating current state
2025-08-08 23:28:37,478 [DEBUG] [MainThread] [systray_widget/systray.py:457]: Re-sorting widgets
2025-08-08 23:28:37,479 [DEBUG] [MainThread] [systray_widget/systray.py:479]: Updating current state
2025-08-08 23:37:11,515 [DEBUG] [MainThread] [systray_widget/systray.py:457]: Re-sorting widgets
2025-08-08 23:37:11,515 [DEBUG] [MainThread] [systray_widget/systray.py:479]: Updating current state
2025-08-09 00:37:29,542 [DEBUG] [MainThread] [systray_widget/systray.py:457]: Re-sorting widgets
2025-08-09 00:37:29,543 [DEBUG] [MainThread] [systray_widget/systray.py:479]: Updating current state
2025-08-09 00:45:02,509 [DEBUG] [MainThread] [systray_widget/systray.py:457]: Re-sorting widgets
2025-08-09 00:45:02,509 [DEBUG] [MainThread] [systray_widget/systray.py:479]: Updating current state
2025-08-09 00:49:03,376 [DEBUG] [MainThread] [systray_widget/systray.py:457]: Re-sorting widgets
2025-08-09 00:49:03,376 [DEBUG] [MainThread] [systray_widget/systray.py:479]: Updating current state
2025-08-09 00:49:23,469 [DEBUG] [MainThread] [systray_widget/systray.py:457]: Re-sorting widgets
2025-08-09 00:49:23,469 [DEBUG] [MainThread] [systray_widget/systray.py:479]: Updating current state
2025-08-09 00:50:57,407 [DEBUG] [MainThread] [systray_widget/systray.py:457]: Re-sorting widgets
2025-08-09 00:50:57,407 [DEBUG] [MainThread] [systray_widget/systray.py:479]: Updating current state
2025-08-09 00:57:21,617 [DEBUG] [MainThread] [systray_widget/systray.py:457]: Re-sorting widgets
2025-08-09 00:57:21,617 [DEBUG] [MainThread] [systray_widget/systray.py:479]: Updating current state
2025-08-09 01:48:13,572 [DEBUG] [MainThread] [systray_widget/systray.py:457]: Re-sorting widgets
2025-08-09 01:48:13,572 [DEBUG] [MainThread] [systray_widget/systray.py:479]: Updating current state
2025-08-09 03:29:12,891 [DEBUG] [MainThread] [systray_widget/systray.py:457]: Re-sorting widgets
2025-08-09 03:29:12,892 [DEBUG] [MainThread] [systray_widget/systray.py:479]: Updating current state
2025-08-09 03:36:28,566 [DEBUG] [MainThread] [systray_widget/systray.py:479]: Updating current state
2025-08-09 03:36:28,566 [DEBUG] [MainThread] [systray_widget/systray.py:497]: Saving state to disk
2025-08-09 03:36:28,566 [DEBUG] [MainThread] [systray_widget/systray.py:501]: Saving state to C:\Users\Quoopie\AppData\Local\YASB\systray_state_LGELECTRONICSLGULTRAGEAR404NTVSGM895.json
2025-08-09 03:36:28,586 [DEBUG] [MainThread] [qasync._windows._EventPoller/_windows.py:218]: Stopping worker thread...
2025-08-09 03:36:28,596 [DEBUG] [Dummy-9] [qasync._windows._EventWorker/_windows.py:201]: Exiting thread
2025-08-09 03:36:28,596 [DEBUG] [MainThread] [qasync._windows._IocpProactor/_windows.py:75]: Closing
2025-08-09 03:36:28,627 [DEBUG] [MainThread] [systray_widget/utils.py:96]: Destroying window 66348
2025-08-09 03:36:28,627 [DEBUG] [MainThread] [systray_widget/utils.py:96]: Destroying window 66344
2025-08-09 03:36:28,629 [DEBUG] [TrayMonitor] [systray_widget/tray_monitor.py:149]: WM_CLOSE received, destroying window 66344
2025-08-09 03:36:28,629 [DEBUG] [TrayMonitor] [systray_widget/tray_monitor.py:153]: WM_DESTROY received for window 66344
2025-08-09 14:09:37,726 [INFO] [MainThread] [root/log.py:59]: YASB v1.7.9
2025-08-09 14:09:37,726 [INFO] [Thread-1 (_run_server)] [cli_server/cli_server.py:212]: CLI server started v1.1.2
2025-08-09 14:09:37,726 [INFO] [MainThread] [cli_server/cli_server.py:104]: Log pipe server started
2025-08-09 14:09:38,348 [DEBUG] [MainThread] [tzlocal/win32.py:55]: Looking up time zone info from registry
2025-08-09 14:09:39,870 [DEBUG] [MainThread] [comtypes/__init__.py:149]: CoInitializeEx(None, 2)
2025-08-09 14:09:40,479 [INFO] [MainThread] [root/bar_manager.py:74]: Starting KomorebiEventListener...
2025-08-09 14:09:40,479 [INFO] [MainThread] [root/watcher.py:54]: Created file watcher for path C:\Users\Quoopie\.config\yasb
2025-08-09 14:09:40,479 [INFO] [Dummy-5] [root/event_listener.py:51]: Created named pipe yasb-04ab87df-754c-11f0-a5b1-b0a460cf7848
2025-08-09 14:09:40,522 [DEBUG] [MainThread] [qasync._windows._EventPoller/_windows.py:213]: Starting (proactor: <_IocpProactor overlapped#=0 result#=0>)...
2025-08-09 14:09:40,522 [DEBUG] [Dummy-9] [qasync._windows._EventWorker/_windows.py:192]: Thread started
2025-08-09 14:09:40,523 [DEBUG] [MainThread] [systray_widget/systray.py:519]: Loading state from C:\Users\Quoopie\AppData\Local\YASB\systray_state_LGELECTRONICSLGULTRAGEAR404NTVSGM895.json
2025-08-09 14:09:40,525 [DEBUG] [TrayMonitor] [systray_widget/systray.py:58]: Systray thread is starting...
2025-08-09 14:09:40,525 [DEBUG] [TaskbarService] [systray_widget/systray.py:72]: TaskbarService thread is starting...
2025-08-09 14:09:40,525 [DEBUG] [TaskbarService] [root/tasks_service.py:75]: Found yasb systray hwnd: 66364
2025-08-09 14:09:40,525 [DEBUG] [TaskbarService] [systray_widget/tasks_service.py:81]: Adding TaskbandHWND prop to hwnd 66364
2025-08-09 14:09:40,554 [INFO] [Dummy-5] [root/event_listener.py:125]: Komorebi connected to named pipe: yasb-04ab87df-754c-11f0-a5b1-b0a460cf7848
2025-08-09 14:09:40,560 [DEBUG] [MainThread] [systray_widget/systray.py:269]: Systray thread started
2025-08-09 14:09:40,760 [DEBUG] [TaskbarService] [systray_widget/tasks_service.py:81]: Adding TaskbandHWND prop to hwnd 66364
2025-08-09 14:09:40,760 [DEBUG] [TrayMonitor] [systray_widget/tray_monitor.py:208]: Finding real tray hwnd
2025-08-09 14:09:40,766 [DEBUG] [MainThread] [systray_widget/tray_monitor.py:144]: Sending TaskbarCreated message: 49355
2025-08-09 14:09:42,227 [DEBUG] [MainThread] [systray_widget/systray.py:457]: Re-sorting widgets
2025-08-09 14:09:42,227 [DEBUG] [MainThread] [systray_widget/systray.py:479]: Updating current state
2025-08-09 14:09:45,221 [DEBUG] [MainThread] [systray_widget/systray.py:457]: Re-sorting widgets
2025-08-09 14:09:45,222 [DEBUG] [MainThread] [systray_widget/systray.py:479]: Updating current state
2025-08-09 18:21:39,970 [DEBUG] [MainThread] [systray_widget/systray.py:479]: Updating current state
2025-08-09 18:21:39,970 [DEBUG] [MainThread] [systray_widget/systray.py:497]: Saving state to disk
2025-08-09 18:21:39,970 [DEBUG] [MainThread] [systray_widget/systray.py:501]: Saving state to C:\Users\Quoopie\AppData\Local\YASB\systray_state_LGELECTRONICSLGULTRAGEAR404NTVSGM895.json
2025-08-09 18:21:39,990 [DEBUG] [MainThread] [qasync._windows._EventPoller/_windows.py:218]: Stopping worker thread...
2025-08-09 18:21:40,002 [DEBUG] [Dummy-9] [qasync._windows._EventWorker/_windows.py:201]: Exiting thread
2025-08-09 18:21:40,002 [DEBUG] [MainThread] [qasync._windows._IocpProactor/_windows.py:75]: Closing
2025-08-09 18:21:40,033 [DEBUG] [MainThread] [systray_widget/utils.py:96]: Destroying window 66366
2025-08-09 18:21:40,033 [DEBUG] [MainThread] [systray_widget/utils.py:96]: Destroying window 66364
2025-08-09 18:21:40,033 [DEBUG] [TrayMonitor] [systray_widget/tray_monitor.py:149]: WM_CLOSE received, destroying window 66364
2025-08-09 18:21:40,033 [DEBUG] [TrayMonitor] [systray_widget/tray_monitor.py:153]: WM_DESTROY received for window 66364
2025-08-10 18:50:01,713 [INFO] [MainThread] [root/log.py:59]: YASB v1.7.9
2025-08-10 18:50:01,713 [INFO] [Thread-1 (_run_server)] [cli_server/cli_server.py:212]: CLI server started v1.1.2
2025-08-10 18:50:01,713 [INFO] [MainThread] [cli_server/cli_server.py:104]: Log pipe server started
2025-08-10 18:50:02,322 [DEBUG] [MainThread] [tzlocal/win32.py:55]: Looking up time zone info from registry
2025-08-10 18:50:03,840 [DEBUG] [MainThread] [comtypes/__init__.py:149]: CoInitializeEx(None, 2)
2025-08-10 18:50:04,443 [INFO] [MainThread] [root/bar_manager.py:74]: Starting KomorebiEventListener...
2025-08-10 18:50:04,443 [INFO] [MainThread] [root/watcher.py:54]: Created file watcher for path C:\Users\Quoopie\.config\yasb
2025-08-10 18:50:04,444 [INFO] [Dummy-5] [root/event_listener.py:51]: Created named pipe yasb-5af262e0-763c-11f0-80a9-b0a460cf7848
2025-08-10 18:50:04,479 [DEBUG] [MainThread] [qasync._windows._EventPoller/_windows.py:213]: Starting (proactor: <_IocpProactor overlapped#=0 result#=0>)...
2025-08-10 18:50:04,479 [DEBUG] [Dummy-9] [qasync._windows._EventWorker/_windows.py:192]: Thread started
2025-08-10 18:50:04,479 [DEBUG] [MainThread] [systray_widget/systray.py:519]: Loading state from C:\Users\Quoopie\AppData\Local\YASB\systray_state_LGELECTRONICSLGULTRAGEAR404NTVSGM895.json
2025-08-10 18:50:04,479 [DEBUG] [TrayMonitor] [systray_widget/systray.py:58]: Systray thread is starting...
2025-08-10 18:50:04,479 [DEBUG] [TaskbarService] [systray_widget/systray.py:72]: TaskbarService thread is starting...
2025-08-10 18:50:04,485 [DEBUG] [TaskbarService] [root/tasks_service.py:75]: Found yasb systray hwnd: 131196
2025-08-10 18:50:04,485 [DEBUG] [TaskbarService] [systray_widget/tasks_service.py:81]: Adding TaskbandHWND prop to hwnd 131196
2025-08-10 18:50:04,513 [DEBUG] [MainThread] [systray_widget/systray.py:269]: Systray thread started
2025-08-10 18:50:04,714 [DEBUG] [TaskbarService] [systray_widget/tasks_service.py:81]: Adding TaskbandHWND prop to hwnd 131196
2025-08-10 18:50:04,714 [DEBUG] [TrayMonitor] [systray_widget/tray_monitor.py:208]: Finding real tray hwnd
2025-08-10 18:50:04,719 [DEBUG] [MainThread] [systray_widget/tray_monitor.py:144]: Sending TaskbarCreated message: 49355
2025-08-10 18:50:05,730 [DEBUG] [MainThread] [systray_widget/systray.py:457]: Re-sorting widgets
2025-08-10 18:50:05,730 [DEBUG] [MainThread] [systray_widget/systray.py:479]: Updating current state
2025-08-10 18:50:10,140 [DEBUG] [MainThread] [systray_widget/systray.py:457]: Re-sorting widgets
2025-08-10 18:50:10,140 [DEBUG] [MainThread] [systray_widget/systray.py:479]: Updating current state
2025-08-10 18:50:14,820 [INFO] [Dummy-5] [root/event_listener.py:125]: Komorebi connected to named pipe: yasb-5af262e0-763c-11f0-80a9-b0a460cf7848
2025-08-10 18:50:18,246 [DEBUG] [MainThread] [systray_widget/systray.py:457]: Re-sorting widgets
2025-08-10 18:50:18,246 [DEBUG] [MainThread] [systray_widget/systray.py:479]: Updating current state
2025-08-10 18:59:14,418 [DEBUG] [MainThread] [systray_widget/systray.py:479]: Updating current state
2025-08-10 18:59:14,418 [DEBUG] [MainThread] [systray_widget/systray.py:497]: Saving state to disk
2025-08-10 18:59:14,418 [DEBUG] [MainThread] [systray_widget/systray.py:501]: Saving state to C:\Users\Quoopie\AppData\Local\YASB\systray_state_LGELECTRONICSLGULTRAGEAR404NTVSGM895.json
2025-08-10 18:59:14,431 [DEBUG] [MainThread] [qasync._windows._EventPoller/_windows.py:218]: Stopping worker thread...
2025-08-10 18:59:14,449 [DEBUG] [Dummy-9] [qasync._windows._EventWorker/_windows.py:201]: Exiting thread
2025-08-10 18:59:14,449 [DEBUG] [MainThread] [qasync._windows._IocpProactor/_windows.py:75]: Closing
2025-08-10 18:59:14,473 [DEBUG] [MainThread] [systray_widget/utils.py:96]: Destroying window 131204
2025-08-10 18:59:14,473 [DEBUG] [MainThread] [systray_widget/utils.py:96]: Destroying window 131196
2025-08-10 18:59:14,473 [DEBUG] [TrayMonitor] [systray_widget/tray_monitor.py:149]: WM_CLOSE received, destroying window 131196
2025-08-10 18:59:14,473 [DEBUG] [TrayMonitor] [systray_widget/tray_monitor.py:153]: WM_DESTROY received for window 131196
2025-08-10 22:26:11,283 [INFO] [MainThread] [root/log.py:59]: YASB v1.7.9
2025-08-10 22:26:11,283 [INFO] [Thread-1 (_run_server)] [cli_server/cli_server.py:212]: CLI server started v1.1.2
2025-08-10 22:26:11,283 [INFO] [MainThread] [cli_server/cli_server.py:104]: Log pipe server started
2025-08-10 22:26:11,445 [DEBUG] [MainThread] [tzlocal/win32.py:55]: Looking up time zone info from registry
2025-08-10 22:26:11,536 [DEBUG] [MainThread] [comtypes/__init__.py:149]: CoInitializeEx(None, 2)
2025-08-10 22:26:11,931 [INFO] [MainThread] [root/bar_manager.py:74]: Starting KomorebiEventListener...
2025-08-10 22:26:11,935 [INFO] [MainThread] [root/watcher.py:54]: Created file watcher for path C:\Users\Quoopie\.config\yasb
2025-08-10 22:26:11,935 [INFO] [Dummy-5] [root/event_listener.py:51]: Created named pipe yasb-8c2c13b1-765a-11f0-9fa8-b0a460cf7848
2025-08-10 22:26:11,972 [DEBUG] [MainThread] [qasync._windows._EventPoller/_windows.py:213]: Starting (proactor: <_IocpProactor overlapped#=0 result#=0>)...
2025-08-10 22:26:11,972 [DEBUG] [Dummy-9] [qasync._windows._EventWorker/_windows.py:192]: Thread started
2025-08-10 22:26:11,972 [DEBUG] [MainThread] [systray_widget/systray.py:519]: Loading state from C:\Users\Quoopie\AppData\Local\YASB\systray_state_LGELECTRONICSLGULTRAGEAR404NTVSGM895.json
2025-08-10 22:26:11,979 [DEBUG] [TrayMonitor] [systray_widget/systray.py:58]: Systray thread is starting...
2025-08-10 22:26:11,979 [DEBUG] [TaskbarService] [systray_widget/systray.py:72]: TaskbarService thread is starting...
2025-08-10 22:26:11,982 [DEBUG] [TaskbarService] [root/tasks_service.py:75]: Found yasb systray hwnd: 66262
2025-08-10 22:26:11,982 [DEBUG] [TaskbarService] [systray_widget/tasks_service.py:81]: Adding TaskbandHWND prop to hwnd 66262
2025-08-10 22:26:12,017 [DEBUG] [MainThread] [systray_widget/systray.py:269]: Systray thread started
2025-08-10 22:26:12,217 [DEBUG] [TaskbarService] [systray_widget/tasks_service.py:81]: Adding TaskbandHWND prop to hwnd 66262
2025-08-10 22:26:12,218 [DEBUG] [TrayMonitor] [systray_widget/tray_monitor.py:208]: Finding real tray hwnd
2025-08-10 22:26:12,227 [DEBUG] [MainThread] [systray_widget/tray_monitor.py:144]: Sending TaskbarCreated message: 49356
2025-08-10 22:26:13,249 [DEBUG] [MainThread] [systray_widget/systray.py:457]: Re-sorting widgets
2025-08-10 22:26:13,250 [DEBUG] [MainThread] [systray_widget/systray.py:479]: Updating current state
2025-08-10 22:26:17,307 [DEBUG] [MainThread] [systray_widget/systray.py:457]: Re-sorting widgets
2025-08-10 22:26:17,307 [DEBUG] [MainThread] [systray_widget/systray.py:479]: Updating current state
2025-08-10 22:26:27,430 [INFO] [Dummy-5] [root/event_listener.py:125]: Komorebi connected to named pipe: yasb-8c2c13b1-765a-11f0-9fa8-b0a460cf7848
2025-08-10 22:26:32,634 [DEBUG] [MainThread] [systray_widget/systray.py:457]: Re-sorting widgets
2025-08-10 22:26:32,634 [DEBUG] [MainThread] [systray_widget/systray.py:479]: Updating current state
2025-08-10 22:39:42,371 [DEBUG] [MainThread] [systray_widget/systray.py:457]: Re-sorting widgets
2025-08-10 22:39:42,371 [DEBUG] [MainThread] [systray_widget/systray.py:479]: Updating current state
2025-08-10 22:40:07,390 [DEBUG] [MainThread] [systray_widget/systray.py:457]: Re-sorting widgets
2025-08-10 22:40:07,390 [DEBUG] [MainThread] [systray_widget/systray.py:479]: Updating current state
2025-08-10 22:42:02,394 [DEBUG] [MainThread] [systray_widget/systray.py:457]: Re-sorting widgets
2025-08-10 22:42:02,394 [DEBUG] [MainThread] [systray_widget/systray.py:479]: Updating current state
2025-08-10 22:42:05,071 [DEBUG] [MainThread] [systray_widget/systray.py:457]: Re-sorting widgets
2025-08-10 22:42:05,071 [DEBUG] [MainThread] [systray_widget/systray.py:479]: Updating current state
2025-08-10 22:43:27,331 [DEBUG] [MainThread] [systray_widget/systray.py:457]: Re-sorting widgets
2025-08-10 22:43:27,331 [DEBUG] [MainThread] [systray_widget/systray.py:479]: Updating current state
2025-08-10 22:53:21,678 [DEBUG] [MainThread] [systray_widget/systray.py:457]: Re-sorting widgets
2025-08-10 22:53:21,678 [DEBUG] [MainThread] [systray_widget/systray.py:479]: Updating current state
2025-08-10 23:03:03,089 [DEBUG] [MainThread] [systray_widget/systray.py:457]: Re-sorting widgets
2025-08-10 23:03:03,089 [DEBUG] [MainThread] [systray_widget/systray.py:479]: Updating current state
2025-08-10 23:15:38,456 [DEBUG] [MainThread] [systray_widget/systray.py:457]: Re-sorting widgets
2025-08-10 23:15:38,456 [DEBUG] [MainThread] [systray_widget/systray.py:479]: Updating current state
2025-08-10 23:16:31,670 [DEBUG] [MainThread] [systray_widget/systray.py:457]: Re-sorting widgets
2025-08-10 23:16:31,670 [DEBUG] [MainThread] [systray_widget/systray.py:479]: Updating current state
2025-08-10 23:49:17,585 [DEBUG] [MainThread] [systray_widget/systray.py:457]: Re-sorting widgets
2025-08-10 23:49:17,585 [DEBUG] [MainThread] [systray_widget/systray.py:479]: Updating current state
2025-08-11 01:34:51,030 [DEBUG] [MainThread] [systray_widget/systray.py:479]: Updating current state
2025-08-11 01:34:51,030 [DEBUG] [MainThread] [systray_widget/systray.py:497]: Saving state to disk
2025-08-11 01:34:51,030 [DEBUG] [MainThread] [systray_widget/systray.py:501]: Saving state to C:\Users\Quoopie\AppData\Local\YASB\systray_state_LGELECTRONICSLGULTRAGEAR404NTVSGM895.json
2025-08-11 01:34:51,045 [DEBUG] [MainThread] [qasync._windows._EventPoller/_windows.py:218]: Stopping worker thread...
2025-08-11 01:34:51,060 [DEBUG] [Dummy-9] [qasync._windows._EventWorker/_windows.py:201]: Exiting thread
2025-08-11 01:34:51,061 [DEBUG] [MainThread] [qasync._windows._IocpProactor/_windows.py:75]: Closing
2025-08-11 01:34:51,095 [DEBUG] [MainThread] [systray_widget/utils.py:96]: Destroying window 66264
2025-08-11 01:34:51,095 [DEBUG] [MainThread] [systray_widget/utils.py:96]: Destroying window 66262
2025-08-11 01:34:51,095 [DEBUG] [TrayMonitor] [systray_widget/tray_monitor.py:149]: WM_CLOSE received, destroying window 66262
2025-08-11 01:34:51,095 [DEBUG] [TrayMonitor] [systray_widget/tray_monitor.py:153]: WM_DESTROY received for window 66262
2025-08-11 18:34:42,791 [INFO] [MainThread] [root/log.py:59]: YASB v1.7.9
2025-08-11 18:34:42,792 [INFO] [Thread-1 (_run_server)] [cli_server/cli_server.py:212]: CLI server started v1.1.2
2025-08-11 18:34:42,792 [INFO] [MainThread] [cli_server/cli_server.py:104]: Log pipe server started
2025-08-11 18:34:43,457 [DEBUG] [MainThread] [tzlocal/win32.py:55]: Looking up time zone info from registry
2025-08-11 18:34:45,044 [DEBUG] [MainThread] [comtypes/__init__.py:149]: CoInitializeEx(None, 2)
2025-08-11 18:34:45,771 [INFO] [MainThread] [root/bar_manager.py:74]: Starting KomorebiEventListener...
2025-08-11 18:34:45,773 [INFO] [MainThread] [root/watcher.py:54]: Created file watcher for path C:\Users\Quoopie\.config\yasb
2025-08-11 18:34:45,773 [INFO] [Dummy-5] [root/event_listener.py:51]: Created named pipe yasb-61ca4246-7703-11f0-9196-b0a460cf7848
2025-08-11 18:34:45,827 [DEBUG] [MainThread] [qasync._windows._EventPoller/_windows.py:213]: Starting (proactor: <_IocpProactor overlapped#=0 result#=0>)...
2025-08-11 18:34:45,827 [DEBUG] [Dummy-9] [qasync._windows._EventWorker/_windows.py:192]: Thread started
2025-08-11 18:34:45,827 [DEBUG] [MainThread] [systray_widget/systray.py:519]: Loading state from C:\Users\Quoopie\AppData\Local\YASB\systray_state_LGELECTRONICSLGULTRAGEAR404NTVSGM895.json
2025-08-11 18:34:45,830 [DEBUG] [TrayMonitor] [systray_widget/systray.py:58]: Systray thread is starting...
2025-08-11 18:34:45,830 [DEBUG] [TaskbarService] [systray_widget/systray.py:72]: TaskbarService thread is starting...
2025-08-11 18:34:45,830 [DEBUG] [TaskbarService] [root/tasks_service.py:75]: Found yasb systray hwnd: 66360
2025-08-11 18:34:45,830 [DEBUG] [TaskbarService] [systray_widget/tasks_service.py:81]: Adding TaskbandHWND prop to hwnd 66360
2025-08-11 18:34:45,871 [DEBUG] [MainThread] [systray_widget/systray.py:269]: Systray thread started
2025-08-11 18:34:46,072 [DEBUG] [TaskbarService] [systray_widget/tasks_service.py:81]: Adding TaskbandHWND prop to hwnd 66360
2025-08-11 18:34:46,072 [DEBUG] [TrayMonitor] [systray_widget/tray_monitor.py:208]: Finding real tray hwnd
2025-08-11 18:34:46,083 [DEBUG] [MainThread] [systray_widget/tray_monitor.py:144]: Sending TaskbarCreated message: 49355
2025-08-11 18:34:48,022 [DEBUG] [MainThread] [systray_widget/systray.py:457]: Re-sorting widgets
2025-08-11 18:34:48,022 [DEBUG] [MainThread] [systray_widget/systray.py:479]: Updating current state
2025-08-11 18:34:56,245 [INFO] [Dummy-5] [root/event_listener.py:125]: Komorebi connected to named pipe: yasb-61ca4246-7703-11f0-9196-b0a460cf7848
2025-08-11 18:35:23,528 [WARNING] [Dummy-5] [root/event_listener.py:82]: Pipe has been ended: (109, 'PeekNamedPipe', 'The pipe has been ended.')
2025-08-11 18:35:23,528 [INFO] [Dummy-5] [root/event_listener.py:92]: Attempting to reconnect to Komorebi...
2025-08-11 18:35:26,531 [INFO] [Dummy-5] [root/event_listener.py:51]: Created named pipe yasb-61ca4246-7703-11f0-9196-b0a460cf7848
2025-08-11 18:36:54,286 [DEBUG] [MainThread] [systray_widget/systray.py:457]: Re-sorting widgets
2025-08-11 18:36:54,286 [DEBUG] [MainThread] [systray_widget/systray.py:479]: Updating current state
2025-08-11 18:37:38,683 [DEBUG] [MainThread] [systray_widget/systray.py:457]: Re-sorting widgets
2025-08-11 18:37:38,683 [DEBUG] [MainThread] [systray_widget/systray.py:479]: Updating current state
2025-08-11 18:39:00,533 [DEBUG] [MainThread] [systray_widget/systray.py:457]: Re-sorting widgets
2025-08-11 18:39:00,533 [DEBUG] [MainThread] [systray_widget/systray.py:479]: Updating current state
2025-08-11 18:40:02,886 [DEBUG] [MainThread] [systray_widget/systray.py:457]: Re-sorting widgets
2025-08-11 18:40:02,886 [DEBUG] [MainThread] [systray_widget/systray.py:479]: Updating current state
2025-08-11 18:41:17,695 [DEBUG] [MainThread] [systray_widget/systray.py:457]: Re-sorting widgets
2025-08-11 18:41:17,695 [DEBUG] [MainThread] [systray_widget/systray.py:479]: Updating current state
2025-08-11 18:52:07,278 [DEBUG] [MainThread] [systray_widget/systray.py:457]: Re-sorting widgets
2025-08-11 18:52:07,278 [DEBUG] [MainThread] [systray_widget/systray.py:479]: Updating current state
2025-08-11 18:55:27,112 [INFO] [MainThread] [root/controller.py:15]: Reloading Application because of config change.
2025-08-11 18:55:27,226 [INFO] [MainThread] [cli_server/cli_server.py:112]: Log pipe server stopped
2025-08-11 18:55:27,226 [DEBUG] [MainThread] [cli_server/cli_server.py:206]: CLI server stopped
2025-08-11 18:55:27,248 [DEBUG] [MainThread] [systray_widget/systray.py:479]: Updating current state
2025-08-11 18:55:27,248 [DEBUG] [MainThread] [systray_widget/systray.py:497]: Saving state to disk
2025-08-11 18:55:27,248 [DEBUG] [MainThread] [systray_widget/systray.py:501]: Saving state to C:\Users\Quoopie\AppData\Local\YASB\systray_state_LGELECTRONICSLGULTRAGEAR404NTVSGM895.json
2025-08-11 18:55:27,259 [INFO] [MainThread] [root/bar_manager.py:65]: Successfully loaded updated config and re-initialised all bars.
2025-08-11 18:55:27,259 [DEBUG] [MainThread] [qasync._windows._EventPoller/_windows.py:218]: Stopping worker thread...
2025-08-11 18:55:27,275 [DEBUG] [Dummy-9] [qasync._windows._EventWorker/_windows.py:201]: Exiting thread
2025-08-11 18:55:27,275 [DEBUG] [MainThread] [qasync._windows._IocpProactor/_windows.py:75]: Closing
2025-08-11 18:55:27,288 [DEBUG] [MainThread] [systray_widget/utils.py:96]: Destroying window 66364
2025-08-11 18:55:27,288 [DEBUG] [MainThread] [systray_widget/utils.py:96]: Destroying window 66360
2025-08-11 18:55:27,288 [DEBUG] [TrayMonitor] [systray_widget/tray_monitor.py:149]: WM_CLOSE received, destroying window 66360
2025-08-11 18:55:27,289 [DEBUG] [TrayMonitor] [systray_widget/tray_monitor.py:153]: WM_DESTROY received for window 66360
2025-08-11 18:55:28,906 [INFO] [MainThread] [root/log.py:59]: YASB v1.7.9
2025-08-11 18:55:28,906 [INFO] [Thread-1 (_run_server)] [cli_server/cli_server.py:212]: CLI server started v1.1.2
2025-08-11 18:55:28,906 [INFO] [MainThread] [cli_server/cli_server.py:104]: Log pipe server started
2025-08-11 18:55:29,038 [WARNING] [MainThread] [root/widget_builder.py:40]: No widget config could be found for widget 'glazewm_workspaces
2025-08-11 18:55:29,299 [DEBUG] [MainThread] [tzlocal/win32.py:55]: Looking up time zone info from registry
2025-08-11 18:55:30,681 [DEBUG] [MainThread] [comtypes/__init__.py:149]: CoInitializeEx(None, 2)
2025-08-11 18:55:31,388 [ERROR] [MainThread] [root/widget_builder.py:79]: Failed to add undefined widget(s)  - The widget "glazewm_workspaces" is undefined.
2025-08-11 18:55:31,428 [DEBUG] [MainThread] [systray_widget/systray.py:519]: Loading state from C:\Users\Quoopie\AppData\Local\YASB\systray_state_LGELECTRONICSLGULTRAGEAR404NTVSGM895.json
2025-08-11 18:55:31,428 [DEBUG] [TrayMonitor] [systray_widget/systray.py:58]: Systray thread is starting...
2025-08-11 18:55:31,428 [DEBUG] [TaskbarService] [systray_widget/systray.py:72]: TaskbarService thread is starting...
2025-08-11 18:55:31,436 [DEBUG] [TaskbarService] [root/tasks_service.py:75]: Found yasb systray hwnd: 131796
2025-08-11 18:55:31,436 [DEBUG] [TaskbarService] [systray_widget/tasks_service.py:81]: Adding TaskbandHWND prop to hwnd 131796
2025-08-11 18:55:31,460 [DEBUG] [MainThread] [systray_widget/systray.py:269]: Systray thread started
2025-08-11 18:55:31,662 [DEBUG] [TaskbarService] [systray_widget/tasks_service.py:81]: Adding TaskbandHWND prop to hwnd 131796
2025-08-11 18:55:31,662 [DEBUG] [TrayMonitor] [systray_widget/tray_monitor.py:208]: Finding real tray hwnd
2025-08-11 18:55:31,664 [DEBUG] [MainThread] [systray_widget/tray_monitor.py:144]: Sending TaskbarCreated message: 49355
2025-08-11 18:55:32,688 [DEBUG] [MainThread] [systray_widget/systray.py:457]: Re-sorting widgets
2025-08-11 18:55:32,688 [DEBUG] [MainThread] [systray_widget/systray.py:479]: Updating current state
2025-08-11 18:57:04,654 [DEBUG] [MainThread] [systray_widget/systray.py:457]: Re-sorting widgets
2025-08-11 18:57:04,654 [DEBUG] [MainThread] [systray_widget/systray.py:479]: Updating current state
2025-08-11 18:57:14,841 [INFO] [MainThread] [root/watcher.py:54]: Created file watcher for path C:\Users\Quoopie\.config\yasb
2025-08-11 18:57:18,488 [INFO] [MainThread] [root/log.py:59]: YASB v1.7.9
2025-08-11 18:57:18,488 [INFO] [Thread-1 (_run_server)] [cli_server/cli_server.py:212]: CLI server started v1.1.2
2025-08-11 18:57:18,488 [INFO] [MainThread] [cli_server/cli_server.py:104]: Log pipe server started
2025-08-11 18:57:18,837 [DEBUG] [MainThread] [tzlocal/win32.py:55]: Looking up time zone info from registry
2025-08-11 18:57:18,902 [DEBUG] [MainThread] [comtypes/__init__.py:149]: CoInitializeEx(None, 2)
2025-08-11 18:57:19,236 [INFO] [MainThread] [root/watcher.py:54]: Created file watcher for path C:\Users\Quoopie\.config\yasb
2025-08-11 18:57:19,276 [DEBUG] [MainThread] [qasync._windows._EventPoller/_windows.py:213]: Starting (proactor: <_IocpProactor overlapped#=0 result#=0>)...
2025-08-11 18:57:19,276 [DEBUG] [Dummy-6] [qasync._windows._EventWorker/_windows.py:192]: Thread started
2025-08-11 18:57:19,276 [DEBUG] [MainThread] [systray_widget/systray.py:519]: Loading state from C:\Users\Quoopie\AppData\Local\YASB\systray_state_LGELECTRONICSLGULTRAGEAR404NTVSGM895.json
2025-08-11 18:57:19,276 [DEBUG] [TrayMonitor] [systray_widget/systray.py:58]: Systray thread is starting...
2025-08-11 18:57:19,276 [DEBUG] [TaskbarService] [systray_widget/systray.py:72]: TaskbarService thread is starting...
2025-08-11 18:57:19,276 [DEBUG] [TaskbarService] [root/tasks_service.py:75]: Found yasb systray hwnd: 197534
2025-08-11 18:57:19,276 [DEBUG] [TaskbarService] [systray_widget/tasks_service.py:81]: Adding TaskbandHWND prop to hwnd 197534
2025-08-11 18:57:19,290 [DEBUG] [MainThread] [systray_widget/systray.py:269]: Systray thread started
2025-08-11 18:57:19,492 [DEBUG] [TaskbarService] [systray_widget/tasks_service.py:81]: Adding TaskbandHWND prop to hwnd 197534
2025-08-11 18:57:19,492 [DEBUG] [TrayMonitor] [systray_widget/tray_monitor.py:208]: Finding real tray hwnd
2025-08-11 18:57:19,498 [DEBUG] [MainThread] [systray_widget/tray_monitor.py:144]: Sending TaskbarCreated message: 49355
2025-08-11 18:57:20,511 [DEBUG] [MainThread] [systray_widget/systray.py:457]: Re-sorting widgets
2025-08-11 18:57:20,511 [DEBUG] [MainThread] [systray_widget/systray.py:479]: Updating current state
2025-08-11 19:02:13,369 [INFO] [MainThread] [root/controller.py:15]: Reloading Bar from context menu...
2025-08-11 19:02:13,478 [INFO] [MainThread] [cli_server/cli_server.py:112]: Log pipe server stopped
2025-08-11 19:02:13,478 [DEBUG] [MainThread] [cli_server/cli_server.py:206]: CLI server stopped
2025-08-11 19:02:13,483 [DEBUG] [MainThread] [systray_widget/systray.py:479]: Updating current state
2025-08-11 19:02:13,483 [DEBUG] [MainThread] [systray_widget/systray.py:497]: Saving state to disk
2025-08-11 19:02:13,483 [DEBUG] [MainThread] [systray_widget/systray.py:501]: Saving state to C:\Users\Quoopie\AppData\Local\YASB\systray_state_LGELECTRONICSLGULTRAGEAR404NTVSGM895.json
2025-08-11 19:02:13,483 [DEBUG] [MainThread] [qasync._windows._EventPoller/_windows.py:218]: Stopping worker thread...
2025-08-11 19:02:13,494 [DEBUG] [Dummy-6] [qasync._windows._EventWorker/_windows.py:201]: Exiting thread
2025-08-11 19:02:13,494 [DEBUG] [MainThread] [qasync._windows._IocpProactor/_windows.py:75]: Closing
2025-08-11 19:02:13,513 [DEBUG] [MainThread] [systray_widget/utils.py:96]: Destroying window 197540
2025-08-11 19:02:13,515 [DEBUG] [MainThread] [systray_widget/utils.py:96]: Destroying window 197534
2025-08-11 19:02:13,515 [DEBUG] [TrayMonitor] [systray_widget/tray_monitor.py:149]: WM_CLOSE received, destroying window 197534
2025-08-11 19:02:13,515 [DEBUG] [TrayMonitor] [systray_widget/tray_monitor.py:153]: WM_DESTROY received for window 197534
2025-08-11 19:02:13,769 [INFO] [MainThread] [root/log.py:59]: YASB v1.7.9
2025-08-11 19:02:13,769 [INFO] [Thread-1 (_run_server)] [cli_server/cli_server.py:212]: CLI server started v1.1.2
2025-08-11 19:02:13,769 [INFO] [MainThread] [cli_server/cli_server.py:104]: Log pipe server started
2025-08-11 19:02:13,905 [DEBUG] [MainThread] [tzlocal/win32.py:55]: Looking up time zone info from registry
2025-08-11 19:02:13,964 [DEBUG] [MainThread] [comtypes/__init__.py:149]: CoInitializeEx(None, 2)
2025-08-11 19:02:14,305 [INFO] [MainThread] [root/watcher.py:54]: Created file watcher for path C:\Users\Quoopie\.config\yasb
2025-08-11 19:02:14,340 [DEBUG] [MainThread] [qasync._windows._EventPoller/_windows.py:213]: Starting (proactor: <_IocpProactor overlapped#=0 result#=0>)...
2025-08-11 19:02:14,340 [DEBUG] [Dummy-6] [qasync._windows._EventWorker/_windows.py:192]: Thread started
2025-08-11 19:02:14,344 [DEBUG] [MainThread] [systray_widget/systray.py:519]: Loading state from C:\Users\Quoopie\AppData\Local\YASB\systray_state_LGELECTRONICSLGULTRAGEAR404NTVSGM895.json
2025-08-11 19:02:14,344 [DEBUG] [TrayMonitor] [systray_widget/systray.py:58]: Systray thread is starting...
2025-08-11 19:02:14,344 [DEBUG] [TaskbarService] [systray_widget/systray.py:72]: TaskbarService thread is starting...
2025-08-11 19:02:14,346 [DEBUG] [TaskbarService] [root/tasks_service.py:75]: Found yasb systray hwnd: 591066
2025-08-11 19:02:14,346 [DEBUG] [TaskbarService] [systray_widget/tasks_service.py:81]: Adding TaskbandHWND prop to hwnd 591066
2025-08-11 19:02:14,361 [DEBUG] [MainThread] [systray_widget/systray.py:269]: Systray thread started
2025-08-11 19:02:14,561 [DEBUG] [TaskbarService] [systray_widget/tasks_service.py:81]: Adding TaskbandHWND prop to hwnd 591066
2025-08-11 19:02:14,561 [DEBUG] [TrayMonitor] [systray_widget/tray_monitor.py:208]: Finding real tray hwnd
2025-08-11 19:02:14,570 [DEBUG] [MainThread] [systray_widget/tray_monitor.py:144]: Sending TaskbarCreated message: 49355
2025-08-11 19:02:15,589 [DEBUG] [MainThread] [systray_widget/systray.py:457]: Re-sorting widgets
2025-08-11 19:02:15,589 [DEBUG] [MainThread] [systray_widget/systray.py:479]: Updating current state
2025-08-11 19:04:25,811 [DEBUG] [MainThread] [systray_widget/systray.py:479]: Updating current state
2025-08-11 19:04:25,812 [DEBUG] [MainThread] [systray_widget/systray.py:497]: Saving state to disk
2025-08-11 19:04:25,812 [DEBUG] [MainThread] [systray_widget/systray.py:501]: Saving state to C:\Users\Quoopie\AppData\Local\YASB\systray_state_LGELECTRONICSLGULTRAGEAR404NTVSGM895.json
2025-08-11 19:04:25,818 [DEBUG] [MainThread] [qasync._windows._EventPoller/_windows.py:218]: Stopping worker thread...
2025-08-11 19:04:25,828 [DEBUG] [Dummy-6] [qasync._windows._EventWorker/_windows.py:201]: Exiting thread
2025-08-11 19:04:25,829 [DEBUG] [MainThread] [qasync._windows._IocpProactor/_windows.py:75]: Closing
2025-08-11 19:04:25,848 [DEBUG] [MainThread] [systray_widget/utils.py:96]: Destroying window 984288
2025-08-11 19:04:25,848 [DEBUG] [MainThread] [systray_widget/utils.py:96]: Destroying window 591066
2025-08-11 19:04:25,848 [DEBUG] [TrayMonitor] [systray_widget/tray_monitor.py:149]: WM_CLOSE received, destroying window 591066
2025-08-11 19:04:25,848 [DEBUG] [TrayMonitor] [systray_widget/tray_monitor.py:153]: WM_DESTROY received for window 591066
2025-08-11 20:44:01,429 [INFO] [MainThread] [root/log.py:59]: YASB v1.7.9
2025-08-11 20:44:01,429 [INFO] [Thread-1 (_run_server)] [cli_server/cli_server.py:212]: CLI server started v1.1.2
2025-08-11 20:44:01,430 [INFO] [MainThread] [cli_server/cli_server.py:104]: Log pipe server started
2025-08-11 20:44:01,587 [DEBUG] [MainThread] [tzlocal/win32.py:55]: Looking up time zone info from registry
2025-08-11 20:44:01,691 [DEBUG] [MainThread] [comtypes/__init__.py:149]: CoInitializeEx(None, 2)
2025-08-11 20:44:02,127 [INFO] [MainThread] [root/watcher.py:54]: Created file watcher for path C:\Users\Quoopie\.config\yasb
2025-08-11 20:44:02,168 [DEBUG] [MainThread] [qasync._windows._EventPoller/_windows.py:213]: Starting (proactor: <_IocpProactor overlapped#=0 result#=0>)...
2025-08-11 20:44:02,169 [DEBUG] [Dummy-6] [qasync._windows._EventWorker/_windows.py:192]: Thread started
2025-08-11 20:44:02,170 [DEBUG] [MainThread] [systray_widget/systray.py:519]: Loading state from C:\Users\Quoopie\AppData\Local\YASB\systray_state_LGELECTRONICSLGULTRAGEAR404NTVSGM895.json
2025-08-11 20:44:02,171 [DEBUG] [TrayMonitor] [systray_widget/systray.py:58]: Systray thread is starting...
2025-08-11 20:44:02,171 [DEBUG] [TaskbarService] [systray_widget/systray.py:72]: TaskbarService thread is starting...
2025-08-11 20:44:02,173 [DEBUG] [TaskbarService] [root/tasks_service.py:75]: Found yasb systray hwnd: 66280
2025-08-11 20:44:02,173 [DEBUG] [TaskbarService] [systray_widget/tasks_service.py:81]: Adding TaskbandHWND prop to hwnd 66280
2025-08-11 20:44:02,205 [DEBUG] [MainThread] [systray_widget/systray.py:269]: Systray thread started
2025-08-11 20:44:02,406 [DEBUG] [TaskbarService] [systray_widget/tasks_service.py:81]: Adding TaskbandHWND prop to hwnd 66280
2025-08-11 20:44:02,406 [DEBUG] [TrayMonitor] [systray_widget/tray_monitor.py:208]: Finding real tray hwnd
2025-08-11 20:44:02,416 [DEBUG] [MainThread] [systray_widget/tray_monitor.py:144]: Sending TaskbarCreated message: 49355
2025-08-11 20:44:03,433 [DEBUG] [MainThread] [systray_widget/systray.py:457]: Re-sorting widgets
2025-08-11 20:44:03,433 [DEBUG] [MainThread] [systray_widget/systray.py:479]: Updating current state
2025-08-11 20:44:08,540 [DEBUG] [MainThread] [systray_widget/systray.py:457]: Re-sorting widgets
2025-08-11 20:44:08,540 [DEBUG] [MainThread] [systray_widget/systray.py:479]: Updating current state
2025-08-11 20:45:27,078 [DEBUG] [MainThread] [systray_widget/systray.py:457]: Re-sorting widgets
2025-08-11 20:45:27,078 [DEBUG] [MainThread] [systray_widget/systray.py:479]: Updating current state
2025-08-11 20:45:43,618 [DEBUG] [MainThread] [systray_widget/systray.py:457]: Re-sorting widgets
2025-08-11 20:45:43,618 [DEBUG] [MainThread] [systray_widget/systray.py:479]: Updating current state
2025-08-11 20:48:38,767 [DEBUG] [MainThread] [systray_widget/systray.py:457]: Re-sorting widgets
2025-08-11 20:48:38,767 [DEBUG] [MainThread] [systray_widget/systray.py:479]: Updating current state
2025-08-11 20:57:13,174 [DEBUG] [MainThread] [systray_widget/systray.py:457]: Re-sorting widgets
2025-08-11 20:57:13,174 [DEBUG] [MainThread] [systray_widget/systray.py:479]: Updating current state
2025-08-11 20:57:26,312 [DEBUG] [MainThread] [systray_widget/systray.py:457]: Re-sorting widgets
2025-08-11 20:57:26,312 [DEBUG] [MainThread] [systray_widget/systray.py:479]: Updating current state
2025-08-11 20:57:40,985 [DEBUG] [MainThread] [systray_widget/systray.py:457]: Re-sorting widgets
2025-08-11 20:57:40,985 [DEBUG] [MainThread] [systray_widget/systray.py:479]: Updating current state
2025-08-11 21:13:38,051 [DEBUG] [MainThread] [systray_widget/systray.py:457]: Re-sorting widgets
2025-08-11 21:13:38,051 [DEBUG] [MainThread] [systray_widget/systray.py:479]: Updating current state
2025-08-11 21:13:45,503 [DEBUG] [MainThread] [systray_widget/systray.py:457]: Re-sorting widgets
2025-08-11 21:13:45,503 [DEBUG] [MainThread] [systray_widget/systray.py:479]: Updating current state
2025-08-11 21:16:13,594 [DEBUG] [MainThread] [systray_widget/systray.py:457]: Re-sorting widgets
2025-08-11 21:16:13,595 [DEBUG] [MainThread] [systray_widget/systray.py:479]: Updating current state
2025-08-11 21:16:44,376 [DEBUG] [MainThread] [systray_widget/systray.py:457]: Re-sorting widgets
2025-08-11 21:16:44,376 [DEBUG] [MainThread] [systray_widget/systray.py:479]: Updating current state
2025-08-11 22:00:57,499 [DEBUG] [MainThread] [systray_widget/systray.py:479]: Updating current state
2025-08-11 22:00:57,499 [DEBUG] [MainThread] [systray_widget/systray.py:497]: Saving state to disk
2025-08-11 22:00:57,500 [DEBUG] [MainThread] [systray_widget/systray.py:501]: Saving state to C:\Users\Quoopie\AppData\Local\YASB\systray_state_LGELECTRONICSLGULTRAGEAR404NTVSGM895.json
2025-08-11 22:00:57,516 [DEBUG] [MainThread] [qasync._windows._EventPoller/_windows.py:218]: Stopping worker thread...
2025-08-11 22:00:57,527 [DEBUG] [Dummy-6] [qasync._windows._EventWorker/_windows.py:201]: Exiting thread
2025-08-11 22:00:57,527 [DEBUG] [MainThread] [qasync._windows._IocpProactor/_windows.py:75]: Closing
2025-08-11 22:00:57,559 [DEBUG] [MainThread] [systray_widget/utils.py:96]: Destroying window 66282
2025-08-11 22:00:57,559 [DEBUG] [MainThread] [systray_widget/utils.py:96]: Destroying window 66280
2025-08-11 22:00:57,559 [DEBUG] [TrayMonitor] [systray_widget/tray_monitor.py:149]: WM_CLOSE received, destroying window 66280
2025-08-11 22:00:57,559 [DEBUG] [TrayMonitor] [systray_widget/tray_monitor.py:153]: WM_DESTROY received for window 66280
2025-08-11 22:27:01,795 [INFO] [MainThread] [root/log.py:59]: YASB v1.7.9
2025-08-11 22:27:01,796 [INFO] [Thread-1 (_run_server)] [cli_server/cli_server.py:212]: CLI server started v1.1.2
2025-08-11 22:27:01,796 [INFO] [MainThread] [cli_server/cli_server.py:104]: Log pipe server started
2025-08-11 22:27:02,301 [DEBUG] [MainThread] [tzlocal/win32.py:55]: Looking up time zone info from registry
2025-08-11 22:27:03,823 [DEBUG] [MainThread] [comtypes/__init__.py:149]: CoInitializeEx(None, 2)
2025-08-11 22:27:04,687 [INFO] [MainThread] [root/watcher.py:54]: Created file watcher for path C:\Users\Quoopie\.config\yasb
2025-08-11 22:27:04,727 [DEBUG] [MainThread] [qasync._windows._EventPoller/_windows.py:213]: Starting (proactor: <_IocpProactor overlapped#=0 result#=0>)...
2025-08-11 22:27:04,727 [DEBUG] [Dummy-6] [qasync._windows._EventWorker/_windows.py:192]: Thread started
2025-08-11 22:27:04,727 [DEBUG] [MainThread] [systray_widget/systray.py:519]: Loading state from C:\Users\Quoopie\AppData\Local\YASB\systray_state_LGELECTRONICSLGULTRAGEAR404NTVSGM895.json
2025-08-11 22:27:04,729 [DEBUG] [TrayMonitor] [systray_widget/systray.py:58]: Systray thread is starting...
2025-08-11 22:27:04,729 [DEBUG] [TaskbarService] [systray_widget/systray.py:72]: TaskbarService thread is starting...
2025-08-11 22:27:04,729 [DEBUG] [TaskbarService] [root/tasks_service.py:75]: Found yasb systray hwnd: 66270
2025-08-11 22:27:04,729 [DEBUG] [TaskbarService] [systray_widget/tasks_service.py:81]: Adding TaskbandHWND prop to hwnd 66270
2025-08-11 22:27:04,760 [DEBUG] [MainThread] [systray_widget/systray.py:269]: Systray thread started
2025-08-11 22:27:04,960 [DEBUG] [TaskbarService] [systray_widget/tasks_service.py:81]: Adding TaskbandHWND prop to hwnd 66270
2025-08-11 22:27:04,960 [DEBUG] [TrayMonitor] [systray_widget/tray_monitor.py:208]: Finding real tray hwnd
2025-08-11 22:27:04,966 [DEBUG] [MainThread] [systray_widget/tray_monitor.py:144]: Sending TaskbarCreated message: 49355
2025-08-11 22:27:05,981 [DEBUG] [MainThread] [systray_widget/systray.py:457]: Re-sorting widgets
2025-08-11 22:27:05,982 [DEBUG] [MainThread] [systray_widget/systray.py:479]: Updating current state
2025-08-11 22:27:11,125 [DEBUG] [MainThread] [systray_widget/systray.py:457]: Re-sorting widgets
2025-08-11 22:27:11,126 [DEBUG] [MainThread] [systray_widget/systray.py:479]: Updating current state
2025-08-11 22:29:23,044 [DEBUG] [MainThread] [systray_widget/systray.py:479]: Updating current state
2025-08-11 22:29:23,044 [DEBUG] [MainThread] [systray_widget/systray.py:497]: Saving state to disk
2025-08-11 22:29:23,044 [DEBUG] [MainThread] [systray_widget/systray.py:501]: Saving state to C:\Users\Quoopie\AppData\Local\YASB\systray_state_LGELECTRONICSLGULTRAGEAR404NTVSGM895.json
2025-08-11 22:29:23,054 [DEBUG] [MainThread] [qasync._windows._EventPoller/_windows.py:218]: Stopping worker thread...
2025-08-11 22:29:23,068 [DEBUG] [Dummy-6] [qasync._windows._EventWorker/_windows.py:201]: Exiting thread
2025-08-11 22:29:23,068 [DEBUG] [MainThread] [qasync._windows._IocpProactor/_windows.py:75]: Closing
2025-08-11 22:29:23,083 [DEBUG] [MainThread] [systray_widget/utils.py:96]: Destroying window 66272
2025-08-11 22:29:23,083 [DEBUG] [MainThread] [systray_widget/utils.py:96]: Destroying window 66270
2025-08-11 22:29:23,083 [DEBUG] [TrayMonitor] [systray_widget/tray_monitor.py:149]: WM_CLOSE received, destroying window 66270
2025-08-11 22:29:23,083 [DEBUG] [TrayMonitor] [systray_widget/tray_monitor.py:153]: WM_DESTROY received for window 66270
2025-08-11 22:30:11,023 [INFO] [MainThread] [root/log.py:59]: YASB v1.7.9
2025-08-11 22:30:11,023 [INFO] [Thread-1 (_run_server)] [cli_server/cli_server.py:212]: CLI server started v1.1.2
2025-08-11 22:30:11,023 [INFO] [MainThread] [cli_server/cli_server.py:104]: Log pipe server started
2025-08-11 22:30:12,007 [DEBUG] [MainThread] [tzlocal/win32.py:55]: Looking up time zone info from registry
2025-08-11 22:30:13,428 [DEBUG] [MainThread] [comtypes/__init__.py:149]: CoInitializeEx(None, 2)
2025-08-11 22:30:14,726 [INFO] [MainThread] [root/watcher.py:54]: Created file watcher for path C:\Users\Quoopie\.config\yasb
2025-08-11 22:30:14,758 [DEBUG] [MainThread] [qasync._windows._EventPoller/_windows.py:213]: Starting (proactor: <_IocpProactor overlapped#=0 result#=0>)...
2025-08-11 22:30:14,758 [DEBUG] [Dummy-6] [qasync._windows._EventWorker/_windows.py:192]: Thread started
2025-08-11 22:30:14,774 [DEBUG] [MainThread] [systray_widget/systray.py:519]: Loading state from C:\Users\Quoopie\AppData\Local\YASB\systray_state_LGELECTRONICSLGULTRAGEAR404NTVSGM895.json
2025-08-11 22:30:14,774 [DEBUG] [TrayMonitor] [systray_widget/systray.py:58]: Systray thread is starting...
2025-08-11 22:30:14,774 [DEBUG] [TaskbarService] [systray_widget/systray.py:72]: TaskbarService thread is starting...
2025-08-11 22:30:14,774 [DEBUG] [TaskbarService] [root/tasks_service.py:75]: Found yasb systray hwnd: 66286
2025-08-11 22:30:14,774 [DEBUG] [TaskbarService] [systray_widget/tasks_service.py:81]: Adding TaskbandHWND prop to hwnd 66286
2025-08-11 22:30:15,186 [DEBUG] [MainThread] [systray_widget/systray.py:269]: Systray thread started
2025-08-11 22:30:15,386 [DEBUG] [TaskbarService] [systray_widget/tasks_service.py:81]: Adding TaskbandHWND prop to hwnd 66286
2025-08-11 22:30:15,386 [DEBUG] [TrayMonitor] [systray_widget/tray_monitor.py:208]: Finding real tray hwnd
2025-08-11 22:30:15,390 [DEBUG] [MainThread] [systray_widget/tray_monitor.py:144]: Sending TaskbarCreated message: 49246
2025-08-11 22:30:16,401 [DEBUG] [MainThread] [systray_widget/systray.py:457]: Re-sorting widgets
2025-08-11 22:30:16,401 [DEBUG] [MainThread] [systray_widget/systray.py:479]: Updating current state
2025-08-11 22:30:20,782 [DEBUG] [MainThread] [systray_widget/systray.py:457]: Re-sorting widgets
2025-08-11 22:30:20,782 [DEBUG] [MainThread] [systray_widget/systray.py:479]: Updating current state
2025-08-11 22:31:49,827 [DEBUG] [MainThread] [systray_widget/systray.py:457]: Re-sorting widgets
2025-08-11 22:31:49,827 [DEBUG] [MainThread] [systray_widget/systray.py:479]: Updating current state
2025-08-11 22:34:56,715 [DEBUG] [MainThread] [systray_widget/systray.py:457]: Re-sorting widgets
2025-08-11 22:34:56,715 [DEBUG] [MainThread] [systray_widget/systray.py:479]: Updating current state
2025-08-11 22:36:08,752 [DEBUG] [MainThread] [systray_widget/systray.py:457]: Re-sorting widgets
2025-08-11 22:36:08,752 [DEBUG] [MainThread] [systray_widget/systray.py:479]: Updating current state
2025-08-11 22:38:11,961 [DEBUG] [MainThread] [systray_widget/systray.py:479]: Updating current state
2025-08-11 22:38:11,961 [DEBUG] [MainThread] [systray_widget/systray.py:497]: Saving state to disk
2025-08-11 22:38:11,961 [DEBUG] [MainThread] [systray_widget/systray.py:501]: Saving state to C:\Users\Quoopie\AppData\Local\YASB\systray_state_LGELECTRONICSLGULTRAGEAR404NTVSGM895.json
2025-08-11 22:38:11,990 [DEBUG] [MainThread] [qasync._windows._EventPoller/_windows.py:218]: Stopping worker thread...
2025-08-11 22:38:12,006 [DEBUG] [Dummy-6] [qasync._windows._EventWorker/_windows.py:201]: Exiting thread
2025-08-11 22:38:12,006 [DEBUG] [MainThread] [qasync._windows._IocpProactor/_windows.py:75]: Closing
2025-08-11 22:38:12,024 [DEBUG] [MainThread] [systray_widget/utils.py:96]: Destroying window 66288
2025-08-11 22:38:12,024 [DEBUG] [MainThread] [systray_widget/utils.py:96]: Destroying window 66286
2025-08-11 22:38:12,024 [DEBUG] [TrayMonitor] [systray_widget/tray_monitor.py:149]: WM_CLOSE received, destroying window 66286
2025-08-11 22:38:12,024 [DEBUG] [TrayMonitor] [systray_widget/tray_monitor.py:153]: WM_DESTROY received for window 66286
2025-08-11 22:39:05,131 [INFO] [MainThread] [root/log.py:59]: YASB v1.7.9
2025-08-11 22:39:05,131 [INFO] [Thread-1 (_run_server)] [cli_server/cli_server.py:212]: CLI server started v1.1.2
2025-08-11 22:39:05,131 [INFO] [MainThread] [cli_server/cli_server.py:104]: Log pipe server started
2025-08-11 22:39:06,113 [DEBUG] [MainThread] [tzlocal/win32.py:55]: Looking up time zone info from registry
2025-08-11 22:39:07,522 [DEBUG] [MainThread] [comtypes/__init__.py:149]: CoInitializeEx(None, 2)
2025-08-11 22:39:08,875 [INFO] [MainThread] [root/watcher.py:54]: Created file watcher for path C:\Users\Quoopie\.config\yasb
2025-08-11 22:39:08,923 [DEBUG] [MainThread] [qasync._windows._EventPoller/_windows.py:213]: Starting (proactor: <_IocpProactor overlapped#=0 result#=0>)...
2025-08-11 22:39:08,923 [DEBUG] [Dummy-6] [qasync._windows._EventWorker/_windows.py:192]: Thread started
2025-08-11 22:39:08,923 [DEBUG] [MainThread] [systray_widget/systray.py:519]: Loading state from C:\Users\Quoopie\AppData\Local\YASB\systray_state_LGELECTRONICSLGULTRAGEAR404NTVSGM895.json
2025-08-11 22:39:08,939 [DEBUG] [TrayMonitor] [systray_widget/systray.py:58]: Systray thread is starting...
2025-08-11 22:39:08,939 [DEBUG] [TaskbarService] [systray_widget/systray.py:72]: TaskbarService thread is starting...
2025-08-11 22:39:08,939 [DEBUG] [TaskbarService] [root/tasks_service.py:75]: Found yasb systray hwnd: 66280
2025-08-11 22:39:08,939 [DEBUG] [TaskbarService] [systray_widget/tasks_service.py:81]: Adding TaskbandHWND prop to hwnd 66280
2025-08-11 22:39:09,333 [DEBUG] [MainThread] [systray_widget/systray.py:269]: Systray thread started
2025-08-11 22:39:09,534 [DEBUG] [TaskbarService] [systray_widget/tasks_service.py:81]: Adding TaskbandHWND prop to hwnd 66280
2025-08-11 22:39:09,534 [DEBUG] [TrayMonitor] [systray_widget/tray_monitor.py:208]: Finding real tray hwnd
2025-08-11 22:39:09,539 [DEBUG] [MainThread] [systray_widget/tray_monitor.py:144]: Sending TaskbarCreated message: 49247
2025-08-11 22:39:10,546 [DEBUG] [MainThread] [systray_widget/systray.py:457]: Re-sorting widgets
2025-08-11 22:39:10,546 [DEBUG] [MainThread] [systray_widget/systray.py:479]: Updating current state
2025-08-11 22:39:15,077 [DEBUG] [MainThread] [systray_widget/systray.py:457]: Re-sorting widgets
2025-08-11 22:39:15,077 [DEBUG] [MainThread] [systray_widget/systray.py:479]: Updating current state
2025-08-11 22:43:46,214 [DEBUG] [MainThread] [systray_widget/systray.py:457]: Re-sorting widgets
2025-08-11 22:43:46,214 [DEBUG] [MainThread] [systray_widget/systray.py:479]: Updating current state
2025-08-11 23:07:22,747 [DEBUG] [MainThread] [systray_widget/systray.py:457]: Re-sorting widgets
2025-08-11 23:07:22,747 [DEBUG] [MainThread] [systray_widget/systray.py:479]: Updating current state
2025-08-11 23:07:34,738 [DEBUG] [MainThread] [systray_widget/systray.py:479]: Updating current state
2025-08-11 23:07:34,738 [DEBUG] [MainThread] [systray_widget/systray.py:497]: Saving state to disk
2025-08-11 23:07:34,738 [DEBUG] [MainThread] [systray_widget/systray.py:501]: Saving state to C:\Users\Quoopie\AppData\Local\YASB\systray_state_LGELECTRONICSLGULTRAGEAR404NTVSGM895.json
2025-08-11 23:07:34,752 [DEBUG] [MainThread] [qasync._windows._EventPoller/_windows.py:218]: Stopping worker thread...
2025-08-11 23:07:34,768 [DEBUG] [Dummy-6] [qasync._windows._EventWorker/_windows.py:201]: Exiting thread
2025-08-11 23:07:34,768 [DEBUG] [MainThread] [qasync._windows._IocpProactor/_windows.py:75]: Closing
2025-08-11 23:07:34,790 [DEBUG] [MainThread] [systray_widget/utils.py:96]: Destroying window 66282
2025-08-11 23:07:34,790 [DEBUG] [MainThread] [systray_widget/utils.py:96]: Destroying window 66280
2025-08-11 23:07:34,790 [DEBUG] [TrayMonitor] [systray_widget/tray_monitor.py:149]: WM_CLOSE received, destroying window 66280
2025-08-11 23:07:34,790 [DEBUG] [TrayMonitor] [systray_widget/tray_monitor.py:153]: WM_DESTROY received for window 66280
2025-08-11 23:08:21,113 [INFO] [MainThread] [root/log.py:59]: YASB v1.7.9
2025-08-11 23:08:21,113 [INFO] [Thread-1 (_run_server)] [cli_server/cli_server.py:212]: CLI server started v1.1.2
2025-08-11 23:08:21,113 [INFO] [MainThread] [cli_server/cli_server.py:104]: Log pipe server started
2025-08-11 23:08:21,621 [DEBUG] [MainThread] [tzlocal/win32.py:55]: Looking up time zone info from registry
2025-08-11 23:08:22,988 [DEBUG] [MainThread] [comtypes/__init__.py:149]: CoInitializeEx(None, 2)
2025-08-11 23:08:23,794 [INFO] [MainThread] [root/watcher.py:54]: Created file watcher for path C:\Users\Quoopie\.config\yasb
2025-08-11 23:08:23,852 [DEBUG] [MainThread] [qasync._windows._EventPoller/_windows.py:213]: Starting (proactor: <_IocpProactor overlapped#=0 result#=0>)...
2025-08-11 23:08:23,852 [DEBUG] [Dummy-6] [qasync._windows._EventWorker/_windows.py:192]: Thread started
2025-08-11 23:08:23,854 [DEBUG] [MainThread] [systray_widget/systray.py:519]: Loading state from C:\Users\Quoopie\AppData\Local\YASB\systray_state_LGELECTRONICSLGULTRAGEAR404NTVSGM895.json
2025-08-11 23:08:23,860 [DEBUG] [TrayMonitor] [systray_widget/systray.py:58]: Systray thread is starting...
2025-08-11 23:08:23,860 [DEBUG] [TaskbarService] [systray_widget/systray.py:72]: TaskbarService thread is starting...
2025-08-11 23:08:23,862 [DEBUG] [TaskbarService] [root/tasks_service.py:75]: Found yasb systray hwnd: 66338
2025-08-11 23:08:23,862 [DEBUG] [TaskbarService] [systray_widget/tasks_service.py:81]: Adding TaskbandHWND prop to hwnd 66338
2025-08-11 23:08:23,891 [DEBUG] [MainThread] [systray_widget/systray.py:269]: Systray thread started
2025-08-11 23:08:24,092 [DEBUG] [TaskbarService] [systray_widget/tasks_service.py:81]: Adding TaskbandHWND prop to hwnd 66338
2025-08-11 23:08:24,092 [DEBUG] [TrayMonitor] [systray_widget/tray_monitor.py:208]: Finding real tray hwnd
2025-08-11 23:08:24,097 [DEBUG] [MainThread] [systray_widget/tray_monitor.py:144]: Sending TaskbarCreated message: 49247
2025-08-11 23:08:25,113 [DEBUG] [MainThread] [systray_widget/systray.py:457]: Re-sorting widgets
2025-08-11 23:08:25,113 [DEBUG] [MainThread] [systray_widget/systray.py:479]: Updating current state
2025-08-11 23:08:27,168 [DEBUG] [MainThread] [systray_widget/systray.py:457]: Re-sorting widgets
2025-08-11 23:08:27,168 [DEBUG] [MainThread] [systray_widget/systray.py:479]: Updating current state
2025-08-11 23:09:07,772 [DEBUG] [MainThread] [systray_widget/systray.py:479]: Updating current state
2025-08-11 23:09:07,773 [DEBUG] [MainThread] [systray_widget/systray.py:497]: Saving state to disk
2025-08-11 23:09:07,773 [DEBUG] [MainThread] [systray_widget/systray.py:501]: Saving state to C:\Users\Quoopie\AppData\Local\YASB\systray_state_LGELECTRONICSLGULTRAGEAR404NTVSGM895.json
2025-08-11 23:09:07,798 [DEBUG] [MainThread] [qasync._windows._EventPoller/_windows.py:218]: Stopping worker thread...
2025-08-11 23:09:07,803 [DEBUG] [Dummy-6] [qasync._windows._EventWorker/_windows.py:201]: Exiting thread
2025-08-11 23:09:07,803 [DEBUG] [MainThread] [qasync._windows._IocpProactor/_windows.py:75]: Closing
2025-08-11 23:09:07,825 [DEBUG] [MainThread] [systray_widget/utils.py:96]: Destroying window 66342
2025-08-11 23:09:07,826 [DEBUG] [MainThread] [systray_widget/utils.py:96]: Destroying window 66338
2025-08-11 23:09:07,826 [DEBUG] [TrayMonitor] [systray_widget/tray_monitor.py:149]: WM_CLOSE received, destroying window 66338
2025-08-11 23:09:07,826 [DEBUG] [TrayMonitor] [systray_widget/tray_monitor.py:153]: WM_DESTROY received for window 66338
2025-08-11 23:09:53,782 [INFO] [MainThread] [root/log.py:59]: YASB v1.7.9
2025-08-11 23:09:53,782 [INFO] [Thread-1 (_run_server)] [cli_server/cli_server.py:212]: CLI server started v1.1.2
2025-08-11 23:09:53,782 [INFO] [MainThread] [cli_server/cli_server.py:104]: Log pipe server started
2025-08-11 23:09:54,290 [DEBUG] [MainThread] [tzlocal/win32.py:55]: Looking up time zone info from registry
2025-08-11 23:09:55,666 [DEBUG] [MainThread] [comtypes/__init__.py:149]: CoInitializeEx(None, 2)
2025-08-11 23:09:56,461 [INFO] [MainThread] [root/watcher.py:54]: Created file watcher for path C:\Users\Quoopie\.config\yasb
2025-08-11 23:09:56,507 [DEBUG] [MainThread] [qasync._windows._EventPoller/_windows.py:213]: Starting (proactor: <_IocpProactor overlapped#=0 result#=0>)...
2025-08-11 23:09:56,507 [DEBUG] [Dummy-6] [qasync._windows._EventWorker/_windows.py:192]: Thread started
2025-08-11 23:09:56,507 [DEBUG] [MainThread] [systray_widget/systray.py:519]: Loading state from C:\Users\Quoopie\AppData\Local\YASB\systray_state_LGELECTRONICSLGULTRAGEAR404NTVSGM895.json
2025-08-11 23:09:56,507 [DEBUG] [TrayMonitor] [systray_widget/systray.py:58]: Systray thread is starting...
2025-08-11 23:09:56,507 [DEBUG] [TaskbarService] [systray_widget/systray.py:72]: TaskbarService thread is starting...
2025-08-11 23:09:56,507 [DEBUG] [TaskbarService] [root/tasks_service.py:75]: Found yasb systray hwnd: 66308
2025-08-11 23:09:56,507 [DEBUG] [TaskbarService] [systray_widget/tasks_service.py:81]: Adding TaskbandHWND prop to hwnd 66308
2025-08-11 23:09:56,523 [DEBUG] [MainThread] [systray_widget/systray.py:269]: Systray thread started
2025-08-11 23:09:56,724 [DEBUG] [TaskbarService] [systray_widget/tasks_service.py:81]: Adding TaskbandHWND prop to hwnd 66308
2025-08-11 23:09:56,724 [DEBUG] [TrayMonitor] [systray_widget/tray_monitor.py:208]: Finding real tray hwnd
2025-08-11 23:09:56,729 [DEBUG] [MainThread] [systray_widget/tray_monitor.py:144]: Sending TaskbarCreated message: 49247
2025-08-11 23:09:57,748 [DEBUG] [MainThread] [systray_widget/systray.py:457]: Re-sorting widgets
2025-08-11 23:09:57,748 [DEBUG] [MainThread] [systray_widget/systray.py:479]: Updating current state
2025-08-11 23:10:00,027 [DEBUG] [MainThread] [systray_widget/systray.py:457]: Re-sorting widgets
2025-08-11 23:10:00,027 [DEBUG] [MainThread] [systray_widget/systray.py:479]: Updating current state
2025-08-11 23:10:46,890 [DEBUG] [MainThread] [systray_widget/systray.py:479]: Updating current state
2025-08-11 23:10:46,890 [DEBUG] [MainThread] [systray_widget/systray.py:497]: Saving state to disk
2025-08-11 23:10:46,890 [DEBUG] [MainThread] [systray_widget/systray.py:501]: Saving state to C:\Users\Quoopie\AppData\Local\YASB\systray_state_LGELECTRONICSLGULTRAGEAR404NTVSGM895.json
2025-08-11 23:10:46,915 [DEBUG] [MainThread] [qasync._windows._EventPoller/_windows.py:218]: Stopping worker thread...
2025-08-11 23:10:46,931 [DEBUG] [Dummy-6] [qasync._windows._EventWorker/_windows.py:201]: Exiting thread
2025-08-11 23:10:46,931 [DEBUG] [MainThread] [qasync._windows._IocpProactor/_windows.py:75]: Closing
2025-08-11 23:10:46,955 [DEBUG] [MainThread] [systray_widget/utils.py:96]: Destroying window 66310
2025-08-11 23:10:46,955 [DEBUG] [MainThread] [systray_widget/utils.py:96]: Destroying window 66308
2025-08-11 23:10:46,955 [DEBUG] [TrayMonitor] [systray_widget/tray_monitor.py:149]: WM_CLOSE received, destroying window 66308
2025-08-11 23:10:46,955 [DEBUG] [TrayMonitor] [systray_widget/tray_monitor.py:153]: WM_DESTROY received for window 66308
2025-08-11 23:11:34,838 [INFO] [MainThread] [root/log.py:59]: YASB v1.7.9
2025-08-11 23:11:34,838 [INFO] [Thread-1 (_run_server)] [cli_server/cli_server.py:212]: CLI server started v1.1.2
2025-08-11 23:11:34,838 [INFO] [MainThread] [cli_server/cli_server.py:104]: Log pipe server started
2025-08-11 23:11:35,347 [DEBUG] [MainThread] [tzlocal/win32.py:55]: Looking up time zone info from registry
2025-08-11 23:11:36,710 [DEBUG] [MainThread] [comtypes/__init__.py:149]: CoInitializeEx(None, 2)
2025-08-11 23:11:37,514 [INFO] [MainThread] [root/watcher.py:54]: Created file watcher for path C:\Users\Quoopie\.config\yasb
2025-08-11 23:11:37,558 [DEBUG] [MainThread] [qasync._windows._EventPoller/_windows.py:213]: Starting (proactor: <_IocpProactor overlapped#=0 result#=0>)...
2025-08-11 23:11:37,558 [DEBUG] [Dummy-6] [qasync._windows._EventWorker/_windows.py:192]: Thread started
2025-08-11 23:11:37,558 [DEBUG] [MainThread] [systray_widget/systray.py:519]: Loading state from C:\Users\Quoopie\AppData\Local\YASB\systray_state_LGELECTRONICSLGULTRAGEAR404NTVSGM895.json
2025-08-11 23:11:37,568 [DEBUG] [TrayMonitor] [systray_widget/systray.py:58]: Systray thread is starting...
2025-08-11 23:11:37,568 [DEBUG] [TaskbarService] [systray_widget/systray.py:72]: TaskbarService thread is starting...
2025-08-11 23:11:37,571 [DEBUG] [TaskbarService] [root/tasks_service.py:75]: Found yasb systray hwnd: 66344
2025-08-11 23:11:37,571 [DEBUG] [TaskbarService] [systray_widget/tasks_service.py:81]: Adding TaskbandHWND prop to hwnd 66344
2025-08-11 23:11:37,575 [DEBUG] [MainThread] [systray_widget/systray.py:269]: Systray thread started
2025-08-11 23:11:37,775 [DEBUG] [TaskbarService] [systray_widget/tasks_service.py:81]: Adding TaskbandHWND prop to hwnd 66344
2025-08-11 23:11:37,775 [DEBUG] [TrayMonitor] [systray_widget/tray_monitor.py:208]: Finding real tray hwnd
2025-08-11 23:11:38,349 [DEBUG] [MainThread] [systray_widget/tray_monitor.py:144]: Sending TaskbarCreated message: 49247
2025-08-11 23:11:40,664 [DEBUG] [MainThread] [systray_widget/systray.py:457]: Re-sorting widgets
2025-08-11 23:11:40,664 [DEBUG] [MainThread] [systray_widget/systray.py:479]: Updating current state
2025-08-11 23:19:20,424 [DEBUG] [MainThread] [systray_widget/systray.py:457]: Re-sorting widgets
2025-08-11 23:19:20,424 [DEBUG] [MainThread] [systray_widget/systray.py:479]: Updating current state
2025-08-11 23:27:22,863 [DEBUG] [MainThread] [systray_widget/systray.py:457]: Re-sorting widgets
2025-08-11 23:27:22,863 [DEBUG] [MainThread] [systray_widget/systray.py:479]: Updating current state
2025-08-11 23:27:30,603 [DEBUG] [MainThread] [systray_widget/systray.py:479]: Updating current state
2025-08-11 23:27:30,603 [DEBUG] [MainThread] [systray_widget/systray.py:497]: Saving state to disk
2025-08-11 23:27:30,603 [DEBUG] [MainThread] [systray_widget/systray.py:501]: Saving state to C:\Users\Quoopie\AppData\Local\YASB\systray_state_LGELECTRONICSLGULTRAGEAR404NTVSGM895.json
2025-08-11 23:27:30,632 [DEBUG] [MainThread] [qasync._windows._EventPoller/_windows.py:218]: Stopping worker thread...
2025-08-11 23:27:30,643 [DEBUG] [Dummy-6] [qasync._windows._EventWorker/_windows.py:201]: Exiting thread
2025-08-11 23:27:30,643 [DEBUG] [MainThread] [qasync._windows._IocpProactor/_windows.py:75]: Closing
2025-08-11 23:27:30,659 [DEBUG] [MainThread] [systray_widget/utils.py:96]: Destroying window 66348
2025-08-11 23:27:30,659 [DEBUG] [MainThread] [systray_widget/utils.py:96]: Destroying window 66344
2025-08-11 23:27:30,659 [DEBUG] [TrayMonitor] [systray_widget/tray_monitor.py:149]: WM_CLOSE received, destroying window 66344
2025-08-11 23:27:30,659 [DEBUG] [TrayMonitor] [systray_widget/tray_monitor.py:153]: WM_DESTROY received for window 66344
2025-08-11 23:28:20,787 [INFO] [MainThread] [root/log.py:59]: YASB v1.7.9
2025-08-11 23:28:20,787 [INFO] [Thread-1 (_run_server)] [cli_server/cli_server.py:212]: CLI server started v1.1.2
2025-08-11 23:28:20,787 [INFO] [MainThread] [cli_server/cli_server.py:104]: Log pipe server started
2025-08-11 23:28:21,809 [DEBUG] [MainThread] [tzlocal/win32.py:55]: Looking up time zone info from registry
2025-08-11 23:28:23,267 [DEBUG] [MainThread] [comtypes/__init__.py:149]: CoInitializeEx(None, 2)
2025-08-11 23:28:24,617 [INFO] [MainThread] [root/watcher.py:54]: Created file watcher for path C:\Users\Quoopie\.config\yasb
2025-08-11 23:28:24,661 [DEBUG] [MainThread] [qasync._windows._EventPoller/_windows.py:213]: Starting (proactor: <_IocpProactor overlapped#=0 result#=0>)...
2025-08-11 23:28:24,664 [DEBUG] [Dummy-6] [qasync._windows._EventWorker/_windows.py:192]: Thread started
2025-08-11 23:28:24,664 [DEBUG] [MainThread] [systray_widget/systray.py:519]: Loading state from C:\Users\Quoopie\AppData\Local\YASB\systray_state_LGELECTRONICSLGULTRAGEAR404NTVSGM895.json
2025-08-11 23:28:24,670 [DEBUG] [TrayMonitor] [systray_widget/systray.py:58]: Systray thread is starting...
2025-08-11 23:28:24,670 [DEBUG] [TaskbarService] [systray_widget/systray.py:72]: TaskbarService thread is starting...
2025-08-11 23:28:24,670 [DEBUG] [TaskbarService] [root/tasks_service.py:75]: Found yasb systray hwnd: 66288
2025-08-11 23:28:24,670 [DEBUG] [TaskbarService] [systray_widget/tasks_service.py:81]: Adding TaskbandHWND prop to hwnd 66288
2025-08-11 23:28:25,068 [DEBUG] [MainThread] [systray_widget/systray.py:269]: Systray thread started
2025-08-11 23:28:25,269 [DEBUG] [TaskbarService] [systray_widget/tasks_service.py:81]: Adding TaskbandHWND prop to hwnd 66288
2025-08-11 23:28:25,269 [DEBUG] [TrayMonitor] [systray_widget/tray_monitor.py:208]: Finding real tray hwnd
2025-08-11 23:28:25,274 [DEBUG] [MainThread] [systray_widget/tray_monitor.py:144]: Sending TaskbarCreated message: 49247
2025-08-11 23:28:26,288 [DEBUG] [MainThread] [systray_widget/systray.py:457]: Re-sorting widgets
2025-08-11 23:28:26,288 [DEBUG] [MainThread] [systray_widget/systray.py:479]: Updating current state
2025-08-11 23:28:31,652 [DEBUG] [MainThread] [systray_widget/systray.py:457]: Re-sorting widgets
2025-08-11 23:28:31,652 [DEBUG] [MainThread] [systray_widget/systray.py:479]: Updating current state
2025-08-11 23:29:11,503 [DEBUG] [MainThread] [systray_widget/systray.py:457]: Re-sorting widgets
2025-08-11 23:29:11,503 [DEBUG] [MainThread] [systray_widget/systray.py:479]: Updating current state
2025-08-12 00:25:53,558 [DEBUG] [MainThread] [systray_widget/systray.py:457]: Re-sorting widgets
2025-08-12 00:25:53,558 [DEBUG] [MainThread] [systray_widget/systray.py:479]: Updating current state
2025-08-12 00:27:47,640 [DEBUG] [MainThread] [systray_widget/systray.py:457]: Re-sorting widgets
2025-08-12 00:27:47,640 [DEBUG] [MainThread] [systray_widget/systray.py:479]: Updating current state
2025-08-12 00:27:55,176 [DEBUG] [MainThread] [systray_widget/systray.py:457]: Re-sorting widgets
2025-08-12 00:27:55,176 [DEBUG] [MainThread] [systray_widget/systray.py:479]: Updating current state
2025-08-12 00:28:01,897 [DEBUG] [MainThread] [systray_widget/systray.py:457]: Re-sorting widgets
2025-08-12 00:28:01,897 [DEBUG] [MainThread] [systray_widget/systray.py:479]: Updating current state
2025-08-12 00:29:01,449 [DEBUG] [MainThread] [systray_widget/systray.py:457]: Re-sorting widgets
2025-08-12 00:29:01,450 [DEBUG] [MainThread] [systray_widget/systray.py:479]: Updating current state
2025-08-12 00:29:59,026 [DEBUG] [MainThread] [systray_widget/systray.py:457]: Re-sorting widgets
2025-08-12 00:29:59,026 [DEBUG] [MainThread] [systray_widget/systray.py:479]: Updating current state
2025-08-12 01:10:51,749 [DEBUG] [MainThread] [systray_widget/systray.py:457]: Re-sorting widgets
2025-08-12 01:10:51,749 [DEBUG] [MainThread] [systray_widget/systray.py:479]: Updating current state
2025-08-12 01:46:22,168 [DEBUG] [MainThread] [systray_widget/systray.py:479]: Updating current state
2025-08-12 01:46:22,169 [DEBUG] [MainThread] [systray_widget/systray.py:497]: Saving state to disk
2025-08-12 01:46:22,169 [DEBUG] [MainThread] [systray_widget/systray.py:501]: Saving state to C:\Users\Quoopie\AppData\Local\YASB\systray_state_LGELECTRONICSLGULTRAGEAR404NTVSGM895.json
2025-08-12 01:46:22,191 [DEBUG] [MainThread] [qasync._windows._EventPoller/_windows.py:218]: Stopping worker thread...
2025-08-12 01:46:22,195 [DEBUG] [Dummy-6] [qasync._windows._EventWorker/_windows.py:201]: Exiting thread
2025-08-12 01:46:22,196 [DEBUG] [MainThread] [qasync._windows._IocpProactor/_windows.py:75]: Closing
2025-08-12 01:46:22,218 [DEBUG] [MainThread] [systray_widget/utils.py:96]: Destroying window 66290
2025-08-12 01:46:22,218 [DEBUG] [MainThread] [systray_widget/utils.py:96]: Destroying window 66288
2025-08-12 01:46:22,218 [DEBUG] [TrayMonitor] [systray_widget/tray_monitor.py:149]: WM_CLOSE received, destroying window 66288
2025-08-12 01:46:22,218 [DEBUG] [TrayMonitor] [systray_widget/tray_monitor.py:153]: WM_DESTROY received for window 66288
2025-08-12 15:46:16,180 [INFO] [MainThread] [root/log.py:59]: YASB v1.7.9
2025-08-12 15:46:16,185 [INFO] [Thread-1 (_run_server)] [cli_server/cli_server.py:212]: CLI server started v1.1.2
2025-08-12 15:46:16,185 [INFO] [MainThread] [cli_server/cli_server.py:104]: Log pipe server started
2025-08-12 15:46:16,397 [DEBUG] [MainThread] [tzlocal/win32.py:55]: Looking up time zone info from registry
2025-08-12 15:46:16,522 [DEBUG] [MainThread] [comtypes/__init__.py:149]: CoInitializeEx(None, 2)
2025-08-12 15:46:17,013 [INFO] [MainThread] [root/watcher.py:54]: Created file watcher for path C:\Users\Quoopie\.config\yasb
2025-08-12 15:46:17,061 [DEBUG] [MainThread] [qasync._windows._EventPoller/_windows.py:213]: Starting (proactor: <_IocpProactor overlapped#=0 result#=0>)...
2025-08-12 15:46:17,061 [DEBUG] [Dummy-6] [qasync._windows._EventWorker/_windows.py:192]: Thread started
2025-08-12 15:46:17,063 [DEBUG] [MainThread] [systray_widget/systray.py:519]: Loading state from C:\Users\Quoopie\AppData\Local\YASB\systray_state_LGELECTRONICSLGULTRAGEAR404NTVSGM895.json
2025-08-12 15:46:17,080 [DEBUG] [TrayMonitor] [systray_widget/systray.py:58]: Systray thread is starting...
2025-08-12 15:46:17,080 [DEBUG] [TaskbarService] [systray_widget/systray.py:72]: TaskbarService thread is starting...
2025-08-12 15:46:17,082 [DEBUG] [TaskbarService] [root/tasks_service.py:75]: Found yasb systray hwnd: 66268
2025-08-12 15:46:17,082 [DEBUG] [TaskbarService] [systray_widget/tasks_service.py:81]: Adding TaskbandHWND prop to hwnd 66268
2025-08-12 15:46:17,089 [DEBUG] [MainThread] [systray_widget/systray.py:269]: Systray thread started
2025-08-12 15:46:17,289 [DEBUG] [TaskbarService] [systray_widget/tasks_service.py:81]: Adding TaskbandHWND prop to hwnd 66268
2025-08-12 15:46:17,289 [DEBUG] [TrayMonitor] [systray_widget/tray_monitor.py:208]: Finding real tray hwnd
2025-08-12 15:46:17,294 [DEBUG] [MainThread] [systray_widget/tray_monitor.py:144]: Sending TaskbarCreated message: 49355
2025-08-12 15:46:18,311 [DEBUG] [MainThread] [systray_widget/systray.py:457]: Re-sorting widgets
2025-08-12 15:46:18,311 [DEBUG] [MainThread] [systray_widget/systray.py:479]: Updating current state
2025-08-12 15:46:21,630 [DEBUG] [MainThread] [systray_widget/systray.py:457]: Re-sorting widgets
2025-08-12 15:46:21,630 [DEBUG] [MainThread] [systray_widget/systray.py:479]: Updating current state
2025-08-12 15:46:28,970 [DEBUG] [MainThread] [systray_widget/systray.py:457]: Re-sorting widgets
2025-08-12 15:46:28,970 [DEBUG] [MainThread] [systray_widget/systray.py:479]: Updating current state
2025-08-12 16:27:14,351 [DEBUG] [MainThread] [systray_widget/systray.py:457]: Re-sorting widgets
2025-08-12 16:27:14,353 [DEBUG] [MainThread] [systray_widget/systray.py:479]: Updating current state
2025-08-12 19:21:03,791 [INFO] [MainThread] [root/bar_manager.py:69]: Screens updated. Re-initialising all bars.
2025-08-12 19:21:03,792 [INFO] [MainThread] [root/controller.py:15]: Reloading Application because of screen update.
2025-08-12 19:21:03,902 [INFO] [MainThread] [cli_server/cli_server.py:112]: Log pipe server stopped
2025-08-12 19:21:03,902 [DEBUG] [MainThread] [cli_server/cli_server.py:206]: CLI server stopped
2025-08-12 19:21:08,038 [INFO] [MainThread] [root/log.py:59]: YASB v1.7.9
2025-08-12 19:21:08,038 [INFO] [Thread-1 (_run_server)] [cli_server/cli_server.py:212]: CLI server started v1.1.2
2025-08-12 19:21:08,039 [INFO] [MainThread] [cli_server/cli_server.py:104]: Log pipe server started
2025-08-12 19:21:08,904 [DEBUG] [MainThread] [tzlocal/win32.py:55]: Looking up time zone info from registry
2025-08-12 19:21:09,041 [DEBUG] [MainThread] [comtypes/__init__.py:149]: CoInitializeEx(None, 2)
2025-08-12 19:21:10,121 [INFO] [MainThread] [root/watcher.py:54]: Created file watcher for path C:\Users\Quoopie\.config\yasb
2025-08-12 19:21:10,176 [DEBUG] [MainThread] [qasync._windows._EventPoller/_windows.py:213]: Starting (proactor: <_IocpProactor overlapped#=0 result#=0>)...
2025-08-12 19:21:10,177 [DEBUG] [Dummy-6] [qasync._windows._EventWorker/_windows.py:192]: Thread started
2025-08-12 19:21:10,178 [DEBUG] [MainThread] [systray_widget/systray.py:519]: Loading state from C:\Users\Quoopie\AppData\Local\YASB\systray_state_LGELECTRONICSLGULTRAGEAR404NTVSGM895.json
2025-08-12 19:21:10,198 [DEBUG] [TrayMonitor] [systray_widget/systray.py:58]: Systray thread is starting...
2025-08-12 19:21:10,200 [DEBUG] [TaskbarService] [systray_widget/systray.py:72]: TaskbarService thread is starting...
2025-08-12 19:21:10,202 [DEBUG] [TaskbarService] [root/tasks_service.py:75]: Found yasb systray hwnd: 722104
2025-08-12 19:21:10,202 [DEBUG] [TaskbarService] [systray_widget/tasks_service.py:81]: Adding TaskbandHWND prop to hwnd 722104
2025-08-12 19:21:11,657 [DEBUG] [TrayMonitor] [systray_widget/tray_monitor.py:208]: Finding real tray hwnd
2025-08-12 20:53:40,656 [DEBUG] [MainThread] [systray_widget/systray.py:479]: Updating current state
2025-08-12 20:53:40,657 [DEBUG] [MainThread] [systray_widget/systray.py:497]: Saving state to disk
2025-08-12 20:53:40,657 [DEBUG] [MainThread] [systray_widget/systray.py:501]: Saving state to C:\Users\Quoopie\AppData\Local\YASB\systray_state_LGELECTRONICSLGULTRAGEAR404NTVSGM895.json
2025-08-12 20:53:40,686 [DEBUG] [MainThread] [qasync._windows._EventPoller/_windows.py:218]: Stopping worker thread...
2025-08-12 20:53:40,692 [DEBUG] [Dummy-6] [qasync._windows._EventWorker/_windows.py:201]: Exiting thread
2025-08-12 20:53:40,693 [DEBUG] [MainThread] [qasync._windows._IocpProactor/_windows.py:75]: Closing
2025-08-12 20:53:40,723 [DEBUG] [MainThread] [systray_widget/utils.py:96]: Destroying window 525450
2025-08-12 20:53:40,723 [DEBUG] [MainThread] [systray_widget/utils.py:96]: Destroying window 722104
2025-08-12 20:53:40,723 [DEBUG] [TrayMonitor] [systray_widget/tray_monitor.py:149]: WM_CLOSE received, destroying window 722104
2025-08-12 20:53:40,724 [DEBUG] [TrayMonitor] [systray_widget/tray_monitor.py:153]: WM_DESTROY received for window 722104
2025-08-13 12:28:45,022 [INFO] [MainThread] [root/log.py:59]: YASB v1.7.9
2025-08-13 12:28:45,022 [INFO] [Thread-1 (_run_server)] [cli_server/cli_server.py:212]: CLI server started v1.1.2
2025-08-13 12:28:45,022 [INFO] [MainThread] [cli_server/cli_server.py:104]: Log pipe server started
2025-08-13 12:28:45,238 [DEBUG] [MainThread] [tzlocal/win32.py:55]: Looking up time zone info from registry
2025-08-13 12:28:45,362 [DEBUG] [MainThread] [comtypes/__init__.py:149]: CoInitializeEx(None, 2)
2025-08-13 12:28:45,800 [INFO] [MainThread] [root/watcher.py:54]: Created file watcher for path C:\Users\Quoopie\.config\yasb
2025-08-13 12:28:45,844 [DEBUG] [MainThread] [qasync._windows._EventPoller/_windows.py:213]: Starting (proactor: <_IocpProactor overlapped#=0 result#=0>)...
2025-08-13 12:28:45,844 [DEBUG] [Dummy-6] [qasync._windows._EventWorker/_windows.py:192]: Thread started
2025-08-13 12:28:45,844 [DEBUG] [MainThread] [systray_widget/systray.py:519]: Loading state from C:\Users\Quoopie\AppData\Local\YASB\systray_state_LGELECTRONICSLGULTRAGEAR404NTVSGM895.json
2025-08-13 12:28:45,863 [DEBUG] [TaskbarService] [systray_widget/systray.py:72]: TaskbarService thread is starting...
2025-08-13 12:28:45,863 [DEBUG] [TrayMonitor] [systray_widget/systray.py:58]: Systray thread is starting...
2025-08-13 12:28:45,863 [DEBUG] [TaskbarService] [root/tasks_service.py:75]: Found yasb systray hwnd: 66280
2025-08-13 12:28:45,863 [DEBUG] [TaskbarService] [systray_widget/tasks_service.py:81]: Adding TaskbandHWND prop to hwnd 66280
2025-08-13 12:28:45,882 [DEBUG] [MainThread] [systray_widget/systray.py:269]: Systray thread started
2025-08-13 12:28:46,083 [DEBUG] [TaskbarService] [systray_widget/tasks_service.py:81]: Adding TaskbandHWND prop to hwnd 66280
2025-08-13 12:28:46,084 [DEBUG] [TrayMonitor] [systray_widget/tray_monitor.py:208]: Finding real tray hwnd
2025-08-13 12:28:46,090 [DEBUG] [MainThread] [systray_widget/tray_monitor.py:144]: Sending TaskbarCreated message: 49355
2025-08-13 12:28:47,097 [DEBUG] [MainThread] [systray_widget/systray.py:457]: Re-sorting widgets
2025-08-13 12:28:47,097 [DEBUG] [MainThread] [systray_widget/systray.py:479]: Updating current state
2025-08-13 12:28:56,483 [DEBUG] [MainThread] [systray_widget/systray.py:457]: Re-sorting widgets
2025-08-13 12:28:56,483 [DEBUG] [MainThread] [systray_widget/systray.py:479]: Updating current state
2025-08-13 12:29:09,380 [DEBUG] [MainThread] [systray_widget/systray.py:457]: Re-sorting widgets
2025-08-13 12:29:09,380 [DEBUG] [MainThread] [systray_widget/systray.py:479]: Updating current state
2025-08-13 12:31:48,725 [DEBUG] [MainThread] [systray_widget/systray.py:457]: Re-sorting widgets
2025-08-13 12:31:48,725 [DEBUG] [MainThread] [systray_widget/systray.py:479]: Updating current state
2025-08-13 12:34:58,108 [DEBUG] [MainThread] [systray_widget/systray.py:457]: Re-sorting widgets
2025-08-13 12:34:58,108 [DEBUG] [MainThread] [systray_widget/systray.py:479]: Updating current state
2025-08-13 14:27:03,084 [DEBUG] [MainThread] [systray_widget/systray.py:479]: Updating current state
2025-08-13 14:27:03,084 [DEBUG] [MainThread] [systray_widget/systray.py:497]: Saving state to disk
2025-08-13 14:27:03,084 [DEBUG] [MainThread] [systray_widget/systray.py:501]: Saving state to C:\Users\Quoopie\AppData\Local\YASB\systray_state_LGELECTRONICSLGULTRAGEAR404NTVSGM895.json
2025-08-13 14:27:03,109 [DEBUG] [MainThread] [qasync._windows._EventPoller/_windows.py:218]: Stopping worker thread...
2025-08-13 14:27:03,116 [DEBUG] [Dummy-6] [qasync._windows._EventWorker/_windows.py:201]: Exiting thread
2025-08-13 14:27:03,116 [DEBUG] [MainThread] [qasync._windows._IocpProactor/_windows.py:75]: Closing
2025-08-13 14:27:03,135 [DEBUG] [MainThread] [systray_widget/utils.py:96]: Destroying window 66276
2025-08-13 14:27:03,135 [DEBUG] [MainThread] [systray_widget/utils.py:96]: Destroying window 66280
2025-08-13 14:27:03,135 [DEBUG] [TrayMonitor] [systray_widget/tray_monitor.py:149]: WM_CLOSE received, destroying window 66280
2025-08-13 14:27:03,135 [DEBUG] [TrayMonitor] [systray_widget/tray_monitor.py:153]: WM_DESTROY received for window 66280
2025-08-15 21:58:31,764 [INFO] [MainThread] [root/log.py:59]: YASB v1.7.9
2025-08-15 21:58:31,764 [INFO] [Thread-1 (_run_server)] [cli_server/cli_server.py:212]: CLI server started v1.1.2
2025-08-15 21:58:31,764 [INFO] [MainThread] [cli_server/cli_server.py:104]: Log pipe server started
2025-08-15 21:58:32,581 [DEBUG] [MainThread] [tzlocal/win32.py:55]: Looking up time zone info from registry
2025-08-15 21:58:32,693 [DEBUG] [MainThread] [comtypes/__init__.py:149]: CoInitializeEx(None, 2)
2025-08-15 21:58:33,712 [INFO] [MainThread] [root/watcher.py:54]: Created file watcher for path C:\Users\Quoopie\.config\yasb
2025-08-15 21:58:33,759 [DEBUG] [MainThread] [qasync._windows._EventPoller/_windows.py:213]: Starting (proactor: <_IocpProactor overlapped#=0 result#=0>)...
2025-08-15 21:58:33,760 [DEBUG] [Dummy-6] [qasync._windows._EventWorker/_windows.py:192]: Thread started
2025-08-15 21:58:33,760 [DEBUG] [MainThread] [systray_widget/systray.py:519]: Loading state from C:\Users\Quoopie\AppData\Local\YASB\systray_state_LGELECTRONICSLGULTRAGEAR404NTVSGM895.json
2025-08-15 21:58:33,775 [DEBUG] [TaskbarService] [systray_widget/systray.py:72]: TaskbarService thread is starting...
2025-08-15 21:58:33,775 [DEBUG] [TrayMonitor] [systray_widget/systray.py:58]: Systray thread is starting...
2025-08-15 21:58:33,775 [DEBUG] [TaskbarService] [root/tasks_service.py:75]: Found yasb systray hwnd: 262166
2025-08-15 21:58:33,775 [DEBUG] [TaskbarService] [systray_widget/tasks_service.py:81]: Adding TaskbandHWND prop to hwnd 262166
2025-08-15 21:58:34,064 [DEBUG] [MainThread] [systray_widget/systray.py:269]: Systray thread started
2025-08-15 21:58:34,265 [DEBUG] [TaskbarService] [systray_widget/tasks_service.py:81]: Adding TaskbandHWND prop to hwnd 262166
2025-08-15 21:58:34,265 [DEBUG] [TrayMonitor] [systray_widget/tray_monitor.py:208]: Finding real tray hwnd
2025-08-15 21:58:34,269 [DEBUG] [MainThread] [systray_widget/tray_monitor.py:144]: Sending TaskbarCreated message: 49355
2025-08-15 21:58:35,279 [DEBUG] [MainThread] [systray_widget/systray.py:457]: Re-sorting widgets
2025-08-15 21:58:35,279 [DEBUG] [MainThread] [systray_widget/systray.py:479]: Updating current state
2025-08-15 21:58:41,336 [DEBUG] [MainThread] [systray_widget/systray.py:457]: Re-sorting widgets
2025-08-15 21:58:41,336 [DEBUG] [MainThread] [systray_widget/systray.py:479]: Updating current state
2025-08-15 21:59:44,491 [DEBUG] [MainThread] [systray_widget/systray.py:457]: Re-sorting widgets
2025-08-15 21:59:44,491 [DEBUG] [MainThread] [systray_widget/systray.py:479]: Updating current state
2025-08-15 22:04:05,036 [DEBUG] [MainThread] [systray_widget/systray.py:457]: Re-sorting widgets
2025-08-15 22:04:05,036 [DEBUG] [MainThread] [systray_widget/systray.py:479]: Updating current state
2025-08-15 22:06:23,670 [DEBUG] [MainThread] [systray_widget/systray.py:457]: Re-sorting widgets
2025-08-15 22:06:23,670 [DEBUG] [MainThread] [systray_widget/systray.py:479]: Updating current state
2025-08-15 22:14:14,515 [DEBUG] [MainThread] [systray_widget/systray.py:457]: Re-sorting widgets
2025-08-15 22:14:14,515 [DEBUG] [MainThread] [systray_widget/systray.py:479]: Updating current state
2025-08-15 22:39:59,846 [DEBUG] [MainThread] [systray_widget/systray.py:457]: Re-sorting widgets
2025-08-15 22:39:59,848 [DEBUG] [MainThread] [systray_widget/systray.py:479]: Updating current state
2025-08-15 22:40:02,084 [DEBUG] [MainThread] [systray_widget/systray.py:457]: Re-sorting widgets
2025-08-15 22:40:02,084 [DEBUG] [MainThread] [systray_widget/systray.py:479]: Updating current state
2025-08-15 23:17:26,372 [DEBUG] [MainThread] [systray_widget/systray.py:457]: Re-sorting widgets
2025-08-15 23:17:26,373 [DEBUG] [MainThread] [systray_widget/systray.py:479]: Updating current state
2025-08-15 23:17:38,105 [DEBUG] [MainThread] [systray_widget/systray.py:457]: Re-sorting widgets
2025-08-15 23:17:38,105 [DEBUG] [MainThread] [systray_widget/systray.py:479]: Updating current state
2025-08-16 00:13:15,780 [DEBUG] [MainThread] [systray_widget/systray.py:457]: Re-sorting widgets
2025-08-16 00:13:15,781 [DEBUG] [MainThread] [systray_widget/systray.py:479]: Updating current state
2025-08-16 00:29:37,613 [DEBUG] [MainThread] [systray_widget/systray.py:457]: Re-sorting widgets
2025-08-16 00:29:37,613 [DEBUG] [MainThread] [systray_widget/systray.py:479]: Updating current state
2025-08-16 00:31:29,522 [DEBUG] [MainThread] [systray_widget/systray.py:457]: Re-sorting widgets
2025-08-16 00:31:29,522 [DEBUG] [MainThread] [systray_widget/systray.py:479]: Updating current state
2025-08-16 01:19:46,412 [DEBUG] [MainThread] [systray_widget/systray.py:479]: Updating current state
2025-08-16 01:19:46,412 [DEBUG] [MainThread] [systray_widget/systray.py:497]: Saving state to disk
2025-08-16 01:19:46,412 [DEBUG] [MainThread] [systray_widget/systray.py:501]: Saving state to C:\Users\Quoopie\AppData\Local\YASB\systray_state_LGELECTRONICSLGULTRAGEAR404NTVSGM895.json
2025-08-16 01:19:46,452 [DEBUG] [MainThread] [qasync._windows._EventPoller/_windows.py:218]: Stopping worker thread...
2025-08-16 01:19:46,457 [DEBUG] [Dummy-6] [qasync._windows._EventWorker/_windows.py:201]: Exiting thread
2025-08-16 01:19:46,457 [DEBUG] [MainThread] [qasync._windows._IocpProactor/_windows.py:75]: Closing
2025-08-16 01:19:46,493 [DEBUG] [MainThread] [systray_widget/utils.py:96]: Destroying window 327756
2025-08-16 01:19:46,493 [DEBUG] [MainThread] [systray_widget/utils.py:96]: Destroying window 262166
2025-08-16 01:19:46,494 [DEBUG] [TrayMonitor] [systray_widget/tray_monitor.py:149]: WM_CLOSE received, destroying window 262166
2025-08-16 01:19:46,494 [DEBUG] [TrayMonitor] [systray_widget/tray_monitor.py:153]: WM_DESTROY received for window 262166
2025-08-16 16:15:09,604 [INFO] [MainThread] [root/log.py:59]: YASB v1.7.9
2025-08-16 16:15:09,604 [INFO] [Thread-1 (_run_server)] [cli_server/cli_server.py:212]: CLI server started v1.1.2
2025-08-16 16:15:09,604 [INFO] [MainThread] [cli_server/cli_server.py:104]: Log pipe server started
2025-08-16 16:15:10,356 [DEBUG] [MainThread] [tzlocal/win32.py:55]: Looking up time zone info from registry
2025-08-16 16:15:10,497 [DEBUG] [MainThread] [comtypes/__init__.py:149]: CoInitializeEx(None, 2)
2025-08-16 16:15:11,482 [INFO] [MainThread] [root/watcher.py:54]: Created file watcher for path C:\Users\Quoopie\.config\yasb
2025-08-16 16:15:11,522 [DEBUG] [MainThread] [qasync._windows._EventPoller/_windows.py:213]: Starting (proactor: <_IocpProactor overlapped#=0 result#=0>)...
2025-08-16 16:15:11,522 [DEBUG] [Dummy-6] [qasync._windows._EventWorker/_windows.py:192]: Thread started
2025-08-16 16:15:11,522 [DEBUG] [MainThread] [systray_widget/systray.py:519]: Loading state from C:\Users\Quoopie\AppData\Local\YASB\systray_state_LGELECTRONICSLGULTRAGEAR404NTVSGM895.json
2025-08-16 16:15:11,537 [DEBUG] [TaskbarService] [systray_widget/systray.py:72]: TaskbarService thread is starting...
2025-08-16 16:15:11,537 [DEBUG] [TrayMonitor] [systray_widget/systray.py:58]: Systray thread is starting...
2025-08-16 16:15:11,546 [DEBUG] [TaskbarService] [root/tasks_service.py:75]: Found yasb systray hwnd: 66298
2025-08-16 16:15:11,546 [DEBUG] [TaskbarService] [systray_widget/tasks_service.py:81]: Adding TaskbandHWND prop to hwnd 66298
2025-08-16 16:15:11,561 [DEBUG] [MainThread] [systray_widget/systray.py:269]: Systray thread started
2025-08-16 16:15:11,880 [DEBUG] [TaskbarService] [systray_widget/tasks_service.py:81]: Adding TaskbandHWND prop to hwnd 66298
2025-08-16 16:15:11,880 [DEBUG] [TrayMonitor] [systray_widget/tray_monitor.py:208]: Finding real tray hwnd
2025-08-16 16:15:11,884 [DEBUG] [MainThread] [systray_widget/tray_monitor.py:144]: Sending TaskbarCreated message: 49355
2025-08-16 16:15:12,904 [DEBUG] [MainThread] [systray_widget/systray.py:457]: Re-sorting widgets
2025-08-16 16:15:12,904 [DEBUG] [MainThread] [systray_widget/systray.py:479]: Updating current state
2025-08-16 16:15:17,813 [DEBUG] [MainThread] [systray_widget/systray.py:457]: Re-sorting widgets
2025-08-16 16:15:17,813 [DEBUG] [MainThread] [systray_widget/systray.py:479]: Updating current state
2025-08-16 16:15:24,490 [DEBUG] [MainThread] [systray_widget/systray.py:457]: Re-sorting widgets
2025-08-16 16:15:24,490 [DEBUG] [MainThread] [systray_widget/systray.py:479]: Updating current state
2025-08-16 16:15:27,009 [DEBUG] [MainThread] [systray_widget/systray.py:457]: Re-sorting widgets
2025-08-16 16:15:27,009 [DEBUG] [MainThread] [systray_widget/systray.py:479]: Updating current state
2025-08-16 16:19:19,778 [DEBUG] [TrayMonitor] [systray_widget/utils.py:124]: Could not open process ID 18128. Err: 5
2025-08-16 16:19:19,778 [ERROR] [TrayMonitor] [root/app_icons.py:215]: GetIconInfo failed: 0
2025-08-16 16:19:19,791 [DEBUG] [TrayMonitor] [systray_widget/utils.py:124]: Could not open process ID 18128. Err: 5
2025-08-16 16:19:20,774 [DEBUG] [MainThread] [systray_widget/systray.py:457]: Re-sorting widgets
2025-08-16 16:19:20,774 [DEBUG] [MainThread] [systray_widget/systray.py:479]: Updating current state
2025-08-16 16:20:14,304 [DEBUG] [MainThread] [systray_widget/systray.py:479]: Updating current state
2025-08-16 16:20:14,304 [DEBUG] [MainThread] [systray_widget/systray.py:497]: Saving state to disk
2025-08-16 16:20:14,304 [DEBUG] [MainThread] [systray_widget/systray.py:501]: Saving state to C:\Users\Quoopie\AppData\Local\YASB\systray_state_LGELECTRONICSLGULTRAGEAR404NTVSGM895.json
2025-08-16 16:20:14,330 [DEBUG] [MainThread] [qasync._windows._EventPoller/_windows.py:218]: Stopping worker thread...
2025-08-16 16:20:14,336 [DEBUG] [Dummy-6] [qasync._windows._EventWorker/_windows.py:201]: Exiting thread
2025-08-16 16:20:14,336 [DEBUG] [MainThread] [qasync._windows._IocpProactor/_windows.py:75]: Closing
2025-08-16 16:20:14,354 [DEBUG] [MainThread] [systray_widget/utils.py:96]: Destroying window 66296
2025-08-16 16:20:14,354 [DEBUG] [MainThread] [systray_widget/utils.py:96]: Destroying window 66298
2025-08-16 16:20:14,354 [DEBUG] [TrayMonitor] [systray_widget/tray_monitor.py:149]: WM_CLOSE received, destroying window 66298
2025-08-16 16:20:14,354 [DEBUG] [TrayMonitor] [systray_widget/tray_monitor.py:153]: WM_DESTROY received for window 66298
2025-08-16 16:24:07,657 [INFO] [MainThread] [root/log.py:59]: YASB v1.7.9
2025-08-16 16:24:07,657 [INFO] [Thread-1 (_run_server)] [cli_server/cli_server.py:212]: CLI server started v1.1.2
2025-08-16 16:24:07,657 [INFO] [MainThread] [cli_server/cli_server.py:104]: Log pipe server started
2025-08-16 16:24:08,096 [DEBUG] [MainThread] [tzlocal/win32.py:55]: Looking up time zone info from registry
2025-08-16 16:24:09,437 [DEBUG] [MainThread] [comtypes/__init__.py:149]: CoInitializeEx(None, 2)
2025-08-16 16:24:10,489 [INFO] [MainThread] [root/watcher.py:54]: Created file watcher for path C:\Users\Quoopie\.config\yasb
2025-08-16 16:24:10,531 [DEBUG] [MainThread] [qasync._windows._EventPoller/_windows.py:213]: Starting (proactor: <_IocpProactor overlapped#=0 result#=0>)...
2025-08-16 16:24:10,531 [DEBUG] [Dummy-6] [qasync._windows._EventWorker/_windows.py:192]: Thread started
2025-08-16 16:24:10,531 [DEBUG] [MainThread] [systray_widget/systray.py:519]: Loading state from C:\Users\Quoopie\AppData\Local\YASB\systray_state_LGELECTRONICSLGULTRAGEAR404NTVSGM895.json
2025-08-16 16:24:10,537 [DEBUG] [TrayMonitor] [systray_widget/systray.py:58]: Systray thread is starting...
2025-08-16 16:24:10,537 [DEBUG] [TaskbarService] [systray_widget/systray.py:72]: TaskbarService thread is starting...
2025-08-16 16:24:10,539 [DEBUG] [TaskbarService] [root/tasks_service.py:75]: Found yasb systray hwnd: 66548
2025-08-16 16:24:10,539 [DEBUG] [TaskbarService] [systray_widget/tasks_service.py:81]: Adding TaskbandHWND prop to hwnd 66548
2025-08-16 16:24:10,557 [DEBUG] [MainThread] [systray_widget/systray.py:269]: Systray thread started
2025-08-16 16:24:11,328 [DEBUG] [TaskbarService] [systray_widget/tasks_service.py:81]: Adding TaskbandHWND prop to hwnd 66548
2025-08-16 16:24:11,328 [DEBUG] [TrayMonitor] [systray_widget/tray_monitor.py:208]: Finding real tray hwnd
2025-08-16 16:24:11,334 [DEBUG] [MainThread] [systray_widget/tray_monitor.py:144]: Sending TaskbarCreated message: 49259
2025-08-16 16:24:11,335 [DEBUG] [TrayMonitor] [systray_widget/utils.py:124]: Could not open process ID 5928. Err: 5
2025-08-16 16:24:13,116 [DEBUG] [MainThread] [systray_widget/systray.py:457]: Re-sorting widgets
2025-08-16 16:24:13,116 [DEBUG] [MainThread] [systray_widget/systray.py:479]: Updating current state
2025-08-16 16:26:11,627 [DEBUG] [TrayMonitor] [systray_widget/utils.py:124]: Could not open process ID 5928. Err: 5
2025-08-16 16:26:11,628 [DEBUG] [TrayMonitor] [systray_widget/utils.py:124]: Could not open process ID 5928. Err: 5
2025-08-16 16:26:40,954 [DEBUG] [MainThread] [systray_widget/systray.py:457]: Re-sorting widgets
2025-08-16 16:26:40,954 [DEBUG] [MainThread] [systray_widget/systray.py:479]: Updating current state
2025-08-16 16:26:43,018 [DEBUG] [MainThread] [systray_widget/systray.py:457]: Re-sorting widgets
2025-08-16 16:26:43,018 [DEBUG] [MainThread] [systray_widget/systray.py:479]: Updating current state
2025-08-16 16:27:06,696 [DEBUG] [MainThread] [systray_widget/systray.py:457]: Re-sorting widgets
2025-08-16 16:27:06,696 [DEBUG] [MainThread] [systray_widget/systray.py:479]: Updating current state
2025-08-16 16:43:42,100 [DEBUG] [MainThread] [systray_widget/systray.py:457]: Re-sorting widgets
2025-08-16 16:43:42,100 [DEBUG] [MainThread] [systray_widget/systray.py:479]: Updating current state
2025-08-16 16:43:45,046 [DEBUG] [MainThread] [systray_widget/systray.py:457]: Re-sorting widgets
2025-08-16 16:43:45,047 [DEBUG] [MainThread] [systray_widget/systray.py:479]: Updating current state
2025-08-16 16:48:08,019 [DEBUG] [MainThread] [systray_widget/systray.py:479]: Updating current state
2025-08-16 16:48:08,019 [DEBUG] [MainThread] [systray_widget/systray.py:497]: Saving state to disk
2025-08-16 16:48:08,019 [DEBUG] [MainThread] [systray_widget/systray.py:501]: Saving state to C:\Users\Quoopie\AppData\Local\YASB\systray_state_LGELECTRONICSLGULTRAGEAR404NTVSGM895.json
2025-08-16 16:48:08,046 [DEBUG] [MainThread] [qasync._windows._EventPoller/_windows.py:218]: Stopping worker thread...
2025-08-16 16:48:08,069 [DEBUG] [Dummy-6] [qasync._windows._EventWorker/_windows.py:201]: Exiting thread
2025-08-16 16:48:08,069 [DEBUG] [MainThread] [qasync._windows._IocpProactor/_windows.py:75]: Closing
2025-08-16 16:48:08,101 [DEBUG] [MainThread] [systray_widget/utils.py:96]: Destroying window 66550
2025-08-16 16:48:08,101 [DEBUG] [MainThread] [systray_widget/utils.py:96]: Destroying window 66548
2025-08-16 16:48:08,103 [DEBUG] [TrayMonitor] [systray_widget/tray_monitor.py:149]: WM_CLOSE received, destroying window 66548
2025-08-16 16:48:08,103 [DEBUG] [TrayMonitor] [systray_widget/tray_monitor.py:153]: WM_DESTROY received for window 66548
2025-08-16 16:49:02,649 [INFO] [MainThread] [root/log.py:59]: YASB v1.7.9
2025-08-16 16:49:02,649 [INFO] [Thread-1 (_run_server)] [cli_server/cli_server.py:212]: CLI server started v1.1.2
2025-08-16 16:49:02,649 [INFO] [MainThread] [cli_server/cli_server.py:104]: Log pipe server started
2025-08-16 16:49:03,244 [DEBUG] [MainThread] [tzlocal/win32.py:55]: Looking up time zone info from registry
2025-08-16 16:49:04,975 [DEBUG] [MainThread] [comtypes/__init__.py:149]: CoInitializeEx(None, 2)
2025-08-16 16:49:06,245 [INFO] [MainThread] [root/watcher.py:54]: Created file watcher for path C:\Users\Quoopie\.config\yasb
2025-08-16 16:49:06,279 [DEBUG] [MainThread] [qasync._windows._EventPoller/_windows.py:213]: Starting (proactor: <_IocpProactor overlapped#=0 result#=0>)...
2025-08-16 16:49:06,279 [DEBUG] [Dummy-6] [qasync._windows._EventWorker/_windows.py:192]: Thread started
2025-08-16 16:49:06,279 [DEBUG] [MainThread] [systray_widget/systray.py:519]: Loading state from C:\Users\Quoopie\AppData\Local\YASB\systray_state_LGELECTRONICSLGULTRAGEAR404NTVSGM895.json
2025-08-16 16:49:06,300 [DEBUG] [TaskbarService] [systray_widget/systray.py:72]: TaskbarService thread is starting...
2025-08-16 16:49:06,300 [DEBUG] [TrayMonitor] [systray_widget/systray.py:58]: Systray thread is starting...
2025-08-16 16:49:06,303 [DEBUG] [TaskbarService] [root/tasks_service.py:75]: Found yasb systray hwnd: 66512
2025-08-16 16:49:06,303 [DEBUG] [TaskbarService] [systray_widget/tasks_service.py:81]: Adding TaskbandHWND prop to hwnd 66512
2025-08-16 16:49:06,956 [DEBUG] [MainThread] [systray_widget/systray.py:269]: Systray thread started
2025-08-16 16:49:07,157 [DEBUG] [TaskbarService] [systray_widget/tasks_service.py:81]: Adding TaskbandHWND prop to hwnd 66512
2025-08-16 16:49:07,157 [DEBUG] [TrayMonitor] [systray_widget/tray_monitor.py:208]: Finding real tray hwnd
2025-08-16 16:49:07,159 [DEBUG] [MainThread] [systray_widget/tray_monitor.py:144]: Sending TaskbarCreated message: 49257
2025-08-16 16:55:49,285 [DEBUG] [MainThread] [systray_widget/systray.py:479]: Updating current state
2025-08-16 16:55:49,285 [DEBUG] [MainThread] [systray_widget/systray.py:497]: Saving state to disk
2025-08-16 16:55:49,285 [DEBUG] [MainThread] [systray_widget/systray.py:501]: Saving state to C:\Users\Quoopie\AppData\Local\YASB\systray_state_LGELECTRONICSLGULTRAGEAR404NTVSGM895.json
2025-08-16 16:55:49,291 [DEBUG] [MainThread] [qasync._windows._EventPoller/_windows.py:218]: Stopping worker thread...
2025-08-16 16:55:49,302 [DEBUG] [Dummy-6] [qasync._windows._EventWorker/_windows.py:201]: Exiting thread
2025-08-16 16:55:49,302 [DEBUG] [MainThread] [qasync._windows._IocpProactor/_windows.py:75]: Closing
2025-08-16 16:55:49,324 [DEBUG] [MainThread] [systray_widget/utils.py:96]: Destroying window 66508
2025-08-16 16:55:49,324 [DEBUG] [MainThread] [systray_widget/utils.py:96]: Destroying window 66512
2025-08-16 16:55:49,324 [DEBUG] [TrayMonitor] [systray_widget/tray_monitor.py:149]: WM_CLOSE received, destroying window 66512
2025-08-16 16:55:49,324 [DEBUG] [TrayMonitor] [systray_widget/tray_monitor.py:153]: WM_DESTROY received for window 66512
2025-08-16 19:54:44,971 [INFO] [MainThread] [root/log.py:59]: YASB v1.7.9
2025-08-16 19:54:44,983 [INFO] [Thread-1 (_run_server)] [cli_server/cli_server.py:212]: CLI server started v1.1.2
2025-08-16 19:54:44,983 [INFO] [MainThread] [cli_server/cli_server.py:104]: Log pipe server started
2025-08-16 19:54:45,130 [DEBUG] [MainThread] [tzlocal/win32.py:55]: Looking up time zone info from registry
2025-08-16 19:54:45,215 [DEBUG] [MainThread] [comtypes/__init__.py:149]: CoInitializeEx(None, 2)
2025-08-16 19:54:45,649 [INFO] [MainThread] [root/watcher.py:54]: Created file watcher for path C:\Users\Quoopie\.config\yasb
2025-08-16 19:54:45,673 [DEBUG] [MainThread] [qasync._windows._EventPoller/_windows.py:213]: Starting (proactor: <_IocpProactor overlapped#=0 result#=0>)...
2025-08-16 19:54:45,673 [DEBUG] [Dummy-6] [qasync._windows._EventWorker/_windows.py:192]: Thread started
2025-08-16 19:54:45,673 [DEBUG] [MainThread] [systray_widget/systray.py:519]: Loading state from C:\Users\Quoopie\AppData\Local\YASB\systray_state_LGELECTRONICSLGULTRAGEAR404NTVSGM895.json
2025-08-16 19:54:45,700 [DEBUG] [TrayMonitor] [systray_widget/systray.py:58]: Systray thread is starting...
2025-08-16 19:54:45,700 [DEBUG] [TaskbarService] [systray_widget/systray.py:72]: TaskbarService thread is starting...
2025-08-16 19:54:45,700 [DEBUG] [TaskbarService] [root/tasks_service.py:75]: Found yasb systray hwnd: 66312
2025-08-16 19:54:45,700 [DEBUG] [TaskbarService] [systray_widget/tasks_service.py:81]: Adding TaskbandHWND prop to hwnd 66312
2025-08-16 19:54:45,717 [DEBUG] [MainThread] [systray_widget/systray.py:269]: Systray thread started
2025-08-16 19:54:45,918 [DEBUG] [TaskbarService] [systray_widget/tasks_service.py:81]: Adding TaskbandHWND prop to hwnd 66312
2025-08-16 19:54:45,918 [DEBUG] [TrayMonitor] [systray_widget/tray_monitor.py:208]: Finding real tray hwnd
2025-08-16 19:54:45,926 [DEBUG] [MainThread] [systray_widget/tray_monitor.py:144]: Sending TaskbarCreated message: 49356
2025-08-16 19:54:45,927 [DEBUG] [TrayMonitor] [systray_widget/utils.py:124]: Could not open process ID 10268. Err: 5
2025-08-16 19:54:46,946 [DEBUG] [MainThread] [systray_widget/systray.py:457]: Re-sorting widgets
2025-08-16 19:54:46,947 [DEBUG] [MainThread] [systray_widget/systray.py:479]: Updating current state
2025-08-16 19:54:49,360 [DEBUG] [MainThread] [systray_widget/systray.py:457]: Re-sorting widgets
2025-08-16 19:54:49,361 [DEBUG] [MainThread] [systray_widget/systray.py:479]: Updating current state
2025-08-16 19:55:08,599 [DEBUG] [MainThread] [systray_widget/systray.py:457]: Re-sorting widgets
2025-08-16 19:55:08,599 [DEBUG] [MainThread] [systray_widget/systray.py:479]: Updating current state
2025-08-16 19:55:49,124 [DEBUG] [MainThread] [systray_widget/systray.py:457]: Re-sorting widgets
2025-08-16 19:55:49,125 [DEBUG] [MainThread] [systray_widget/systray.py:479]: Updating current state
2025-08-16 19:55:52,062 [DEBUG] [MainThread] [systray_widget/systray.py:457]: Re-sorting widgets
2025-08-16 19:55:52,062 [DEBUG] [MainThread] [systray_widget/systray.py:479]: Updating current state
2025-08-16 21:21:23,481 [DEBUG] [MainThread] [systray_widget/systray.py:457]: Re-sorting widgets
2025-08-16 21:21:23,482 [DEBUG] [MainThread] [systray_widget/systray.py:479]: Updating current state
2025-08-16 21:21:24,971 [DEBUG] [MainThread] [systray_widget/systray.py:457]: Re-sorting widgets
2025-08-16 21:21:24,971 [DEBUG] [MainThread] [systray_widget/systray.py:479]: Updating current state
2025-08-16 21:21:30,026 [DEBUG] [MainThread] [systray_widget/systray.py:457]: Re-sorting widgets
2025-08-16 21:21:30,026 [DEBUG] [MainThread] [systray_widget/systray.py:479]: Updating current state
2025-08-16 21:21:35,890 [DEBUG] [MainThread] [systray_widget/systray.py:457]: Re-sorting widgets
2025-08-16 21:21:35,890 [DEBUG] [MainThread] [systray_widget/systray.py:479]: Updating current state
2025-08-16 21:22:07,421 [DEBUG] [MainThread] [systray_widget/systray.py:457]: Re-sorting widgets
2025-08-16 21:22:07,421 [DEBUG] [MainThread] [systray_widget/systray.py:479]: Updating current state
2025-08-16 21:26:52,084 [DEBUG] [MainThread] [systray_widget/systray.py:457]: Re-sorting widgets
2025-08-16 21:26:52,084 [DEBUG] [MainThread] [systray_widget/systray.py:479]: Updating current state
2025-08-16 21:26:55,963 [DEBUG] [MainThread] [systray_widget/systray.py:457]: Re-sorting widgets
2025-08-16 21:26:55,963 [DEBUG] [MainThread] [systray_widget/systray.py:479]: Updating current state
2025-08-16 23:22:50,194 [DEBUG] [MainThread] [systray_widget/systray.py:457]: Re-sorting widgets
2025-08-16 23:22:50,194 [DEBUG] [MainThread] [systray_widget/systray.py:479]: Updating current state
2025-08-17 00:33:50,872 [DEBUG] [MainThread] [systray_widget/systray.py:457]: Re-sorting widgets
2025-08-17 00:33:50,872 [DEBUG] [MainThread] [systray_widget/systray.py:479]: Updating current state
2025-08-17 01:12:27,933 [DEBUG] [MainThread] [systray_widget/systray.py:457]: Re-sorting widgets
2025-08-17 01:12:27,933 [DEBUG] [MainThread] [systray_widget/systray.py:479]: Updating current state
2025-08-17 01:13:07,953 [DEBUG] [MainThread] [systray_widget/systray.py:457]: Re-sorting widgets
2025-08-17 01:13:07,954 [DEBUG] [MainThread] [systray_widget/systray.py:479]: Updating current state
2025-08-17 02:45:07,365 [DEBUG] [MainThread] [systray_widget/systray.py:479]: Updating current state
2025-08-17 02:45:07,365 [DEBUG] [MainThread] [systray_widget/systray.py:497]: Saving state to disk
2025-08-17 02:45:07,365 [DEBUG] [MainThread] [systray_widget/systray.py:501]: Saving state to C:\Users\Quoopie\AppData\Local\YASB\systray_state_LGELECTRONICSLGULTRAGEAR404NTVSGM895.json
2025-08-17 02:45:07,373 [DEBUG] [MainThread] [qasync._windows._EventPoller/_windows.py:218]: Stopping worker thread...
2025-08-17 02:45:07,378 [DEBUG] [Dummy-6] [qasync._windows._EventWorker/_windows.py:201]: Exiting thread
2025-08-17 02:45:07,378 [DEBUG] [MainThread] [qasync._windows._IocpProactor/_windows.py:75]: Closing
2025-08-17 02:45:07,406 [DEBUG] [MainThread] [systray_widget/utils.py:96]: Destroying window 66314
2025-08-17 02:45:07,406 [DEBUG] [MainThread] [systray_widget/utils.py:96]: Destroying window 66312
2025-08-17 02:45:07,406 [DEBUG] [TrayMonitor] [systray_widget/tray_monitor.py:149]: WM_CLOSE received, destroying window 66312
2025-08-17 02:45:07,406 [DEBUG] [TrayMonitor] [systray_widget/tray_monitor.py:153]: WM_DESTROY received for window 66312
2025-08-17 23:41:33,117 [INFO] [MainThread] [root/log.py:59]: YASB v1.7.9
2025-08-17 23:41:33,117 [INFO] [Thread-1 (_run_server)] [cli_server/cli_server.py:212]: CLI server started v1.1.2
2025-08-17 23:41:33,117 [INFO] [MainThread] [cli_server/cli_server.py:104]: Log pipe server started
2025-08-17 23:41:33,464 [DEBUG] [MainThread] [tzlocal/win32.py:55]: Looking up time zone info from registry
2025-08-17 23:41:34,844 [DEBUG] [MainThread] [comtypes/__init__.py:149]: CoInitializeEx(None, 2)
2025-08-17 23:41:35,568 [INFO] [MainThread] [root/watcher.py:54]: Created file watcher for path C:\Users\Quoopie\.config\yasb
2025-08-17 23:41:35,608 [DEBUG] [MainThread] [qasync._windows._EventPoller/_windows.py:213]: Starting (proactor: <_IocpProactor overlapped#=0 result#=0>)...
2025-08-17 23:41:35,611 [DEBUG] [Dummy-6] [qasync._windows._EventWorker/_windows.py:192]: Thread started
2025-08-17 23:41:35,611 [DEBUG] [MainThread] [systray_widget/systray.py:519]: Loading state from C:\Users\Quoopie\AppData\Local\YASB\systray_state_LGELECTRONICSLGULTRAGEAR404NTVSGM895.json
2025-08-17 23:41:35,611 [DEBUG] [TrayMonitor] [systray_widget/systray.py:58]: Systray thread is starting...
2025-08-17 23:41:35,611 [DEBUG] [TaskbarService] [systray_widget/systray.py:72]: TaskbarService thread is starting...
2025-08-17 23:41:35,613 [DEBUG] [TaskbarService] [root/tasks_service.py:75]: Found yasb systray hwnd: 66388
2025-08-17 23:41:35,613 [DEBUG] [TaskbarService] [systray_widget/tasks_service.py:81]: Adding TaskbandHWND prop to hwnd 66388
2025-08-17 23:41:35,642 [DEBUG] [MainThread] [systray_widget/systray.py:269]: Systray thread started
2025-08-17 23:41:35,844 [DEBUG] [TaskbarService] [systray_widget/tasks_service.py:81]: Adding TaskbandHWND prop to hwnd 66388
2025-08-17 23:41:35,844 [DEBUG] [TrayMonitor] [systray_widget/tray_monitor.py:208]: Finding real tray hwnd
2025-08-17 23:41:35,853 [DEBUG] [MainThread] [systray_widget/tray_monitor.py:144]: Sending TaskbarCreated message: 49356
2025-08-17 23:41:36,859 [DEBUG] [MainThread] [systray_widget/systray.py:457]: Re-sorting widgets
2025-08-17 23:41:36,860 [DEBUG] [MainThread] [systray_widget/systray.py:479]: Updating current state
2025-08-17 23:41:46,707 [WARNING] [Thread-5 (check_for_update)] [root/update_check.py:50]: UpdateCheckService Failed to check for updates: Network error.
2025-08-17 23:41:58,721 [DEBUG] [MainThread] [systray_widget/systray.py:457]: Re-sorting widgets
2025-08-17 23:41:58,721 [DEBUG] [MainThread] [systray_widget/systray.py:479]: Updating current state
2025-08-17 23:42:01,021 [DEBUG] [MainThread] [systray_widget/systray.py:457]: Re-sorting widgets
2025-08-17 23:42:01,022 [DEBUG] [MainThread] [systray_widget/systray.py:479]: Updating current state
2025-08-17 23:44:31,575 [DEBUG] [MainThread] [systray_widget/systray.py:457]: Re-sorting widgets
2025-08-17 23:44:31,575 [DEBUG] [MainThread] [systray_widget/systray.py:479]: Updating current state
2025-08-17 23:44:38,434 [DEBUG] [MainThread] [systray_widget/systray.py:457]: Re-sorting widgets
2025-08-17 23:44:38,434 [DEBUG] [MainThread] [systray_widget/systray.py:479]: Updating current state
2025-08-18 01:49:51,267 [DEBUG] [MainThread] [systray_widget/systray.py:479]: Updating current state
2025-08-18 01:49:51,267 [DEBUG] [MainThread] [systray_widget/systray.py:497]: Saving state to disk
2025-08-18 01:49:51,267 [DEBUG] [MainThread] [systray_widget/systray.py:501]: Saving state to C:\Users\Quoopie\AppData\Local\YASB\systray_state_LGELECTRONICSLGULTRAGEAR404NTVSGM895.json
2025-08-18 01:49:51,282 [DEBUG] [MainThread] [qasync._windows._EventPoller/_windows.py:218]: Stopping worker thread...
2025-08-18 01:49:51,294 [DEBUG] [Dummy-6] [qasync._windows._EventWorker/_windows.py:201]: Exiting thread
2025-08-18 01:49:51,294 [DEBUG] [MainThread] [qasync._windows._IocpProactor/_windows.py:75]: Closing
2025-08-18 01:49:51,314 [DEBUG] [MainThread] [systray_widget/utils.py:96]: Destroying window 66390
2025-08-18 01:49:51,314 [DEBUG] [MainThread] [systray_widget/utils.py:96]: Destroying window 66388
2025-08-18 01:49:51,314 [DEBUG] [TrayMonitor] [systray_widget/tray_monitor.py:149]: WM_CLOSE received, destroying window 66388
2025-08-18 01:49:51,314 [DEBUG] [TrayMonitor] [systray_widget/tray_monitor.py:153]: WM_DESTROY received for window 66388
2025-08-18 14:23:25,490 [INFO] [MainThread] [root/log.py:59]: YASB v1.7.9
2025-08-18 14:23:25,490 [INFO] [Thread-1 (_run_server)] [cli_server/cli_server.py:212]: CLI server started v1.1.2
2025-08-18 14:23:25,490 [INFO] [MainThread] [cli_server/cli_server.py:104]: Log pipe server started
2025-08-18 14:23:25,932 [DEBUG] [MainThread] [tzlocal/win32.py:55]: Looking up time zone info from registry
2025-08-18 14:23:27,317 [DEBUG] [MainThread] [comtypes/__init__.py:149]: CoInitializeEx(None, 2)
2025-08-18 14:23:28,170 [INFO] [MainThread] [root/watcher.py:54]: Created file watcher for path C:\Users\Quoopie\.config\yasb
2025-08-18 14:23:28,209 [DEBUG] [MainThread] [qasync._windows._EventPoller/_windows.py:213]: Starting (proactor: <_IocpProactor overlapped#=0 result#=0>)...
2025-08-18 14:23:28,209 [DEBUG] [Dummy-6] [qasync._windows._EventWorker/_windows.py:192]: Thread started
2025-08-18 14:23:28,209 [DEBUG] [MainThread] [systray_widget/systray.py:519]: Loading state from C:\Users\Quoopie\AppData\Local\YASB\systray_state_LGELECTRONICSLGULTRAGEAR404NTVSGM895.json
2025-08-18 14:23:28,216 [DEBUG] [TrayMonitor] [systray_widget/systray.py:58]: Systray thread is starting...
2025-08-18 14:23:28,216 [DEBUG] [TaskbarService] [systray_widget/systray.py:72]: TaskbarService thread is starting...
2025-08-18 14:23:28,216 [DEBUG] [TaskbarService] [root/tasks_service.py:75]: Found yasb systray hwnd: 66372
2025-08-18 14:23:28,216 [DEBUG] [TaskbarService] [systray_widget/tasks_service.py:81]: Adding TaskbandHWND prop to hwnd 66372
2025-08-18 14:23:28,248 [DEBUG] [MainThread] [systray_widget/systray.py:269]: Systray thread started
2025-08-18 14:23:28,450 [DEBUG] [TaskbarService] [systray_widget/tasks_service.py:81]: Adding TaskbandHWND prop to hwnd 66372
2025-08-18 14:23:28,450 [DEBUG] [TrayMonitor] [systray_widget/tray_monitor.py:208]: Finding real tray hwnd
2025-08-18 14:23:28,457 [DEBUG] [MainThread] [systray_widget/tray_monitor.py:144]: Sending TaskbarCreated message: 49356
2025-08-18 14:23:30,017 [DEBUG] [MainThread] [systray_widget/systray.py:457]: Re-sorting widgets
2025-08-18 14:23:30,017 [DEBUG] [MainThread] [systray_widget/systray.py:479]: Updating current state
2025-08-18 14:23:39,200 [DEBUG] [MainThread] [systray_widget/systray.py:457]: Re-sorting widgets
2025-08-18 14:23:39,200 [DEBUG] [MainThread] [systray_widget/systray.py:479]: Updating current state
2025-08-18 14:23:42,129 [DEBUG] [MainThread] [systray_widget/systray.py:457]: Re-sorting widgets
2025-08-18 14:23:42,129 [DEBUG] [MainThread] [systray_widget/systray.py:479]: Updating current state
2025-08-18 21:11:35,017 [INFO] [MainThread] [root/bar_manager.py:69]: Screens updated. Re-initialising all bars.
2025-08-18 21:11:35,017 [INFO] [MainThread] [root/controller.py:15]: Reloading Application because of screen update.
2025-08-18 21:11:35,121 [INFO] [MainThread] [cli_server/cli_server.py:112]: Log pipe server stopped
2025-08-18 21:11:35,121 [DEBUG] [MainThread] [cli_server/cli_server.py:206]: CLI server stopped
2025-08-18 21:11:36,901 [INFO] [MainThread] [root/log.py:59]: YASB v1.7.9
2025-08-18 21:11:36,901 [INFO] [Thread-1 (_run_server)] [cli_server/cli_server.py:212]: CLI server started v1.1.2
2025-08-18 21:11:36,901 [INFO] [MainThread] [cli_server/cli_server.py:104]: Log pipe server started
2025-08-18 21:11:37,419 [DEBUG] [MainThread] [tzlocal/win32.py:55]: Looking up time zone info from registry
2025-08-18 21:11:39,129 [DEBUG] [MainThread] [comtypes/__init__.py:149]: CoInitializeEx(None, 2)
2025-08-18 21:11:40,106 [INFO] [MainThread] [root/watcher.py:54]: Created file watcher for path C:\Users\Quoopie\.config\yasb
2025-08-18 21:11:40,152 [DEBUG] [MainThread] [qasync._windows._EventPoller/_windows.py:213]: Starting (proactor: <_IocpProactor overlapped#=0 result#=0>)...
2025-08-18 21:11:40,152 [DEBUG] [Dummy-6] [qasync._windows._EventWorker/_windows.py:192]: Thread started
2025-08-18 21:11:40,153 [DEBUG] [MainThread] [systray_widget/systray.py:519]: Loading state from C:\Users\Quoopie\AppData\Local\YASB\systray_state_WINDISC.json
2025-08-18 21:11:40,153 [DEBUG] [MainThread] [systray_widget/systray.py:529]: State file not found.
2025-08-18 21:11:40,154 [DEBUG] [TrayMonitor] [systray_widget/systray.py:58]: Systray thread is starting...
2025-08-18 21:11:40,154 [DEBUG] [TaskbarService] [systray_widget/systray.py:72]: TaskbarService thread is starting...
2025-08-18 21:11:40,156 [DEBUG] [TaskbarService] [root/tasks_service.py:75]: Found yasb systray hwnd: 1442574
2025-08-18 21:11:40,156 [DEBUG] [TaskbarService] [systray_widget/tasks_service.py:81]: Adding TaskbandHWND prop to hwnd 1442574
2025-08-18 21:11:40,184 [DEBUG] [MainThread] [systray_widget/systray.py:269]: Systray thread started
2025-08-18 21:11:40,385 [DEBUG] [TaskbarService] [systray_widget/tasks_service.py:81]: Adding TaskbandHWND prop to hwnd 1442574
2025-08-18 21:11:40,385 [DEBUG] [TrayMonitor] [systray_widget/tray_monitor.py:208]: Finding real tray hwnd
2025-08-18 21:11:40,392 [DEBUG] [MainThread] [systray_widget/tray_monitor.py:144]: Sending TaskbarCreated message: 49356
2025-08-18 21:11:42,101 [DEBUG] [MainThread] [systray_widget/systray.py:457]: Re-sorting widgets
2025-08-18 21:11:42,101 [DEBUG] [MainThread] [systray_widget/systray.py:479]: Updating current state
2025-08-18 22:38:16,192 [INFO] [MainThread] [root/bar_manager.py:69]: Screens updated. Re-initialising all bars.
2025-08-18 22:38:16,193 [INFO] [MainThread] [root/controller.py:15]: Reloading Application because of screen update.
2025-08-18 22:38:16,308 [INFO] [MainThread] [cli_server/cli_server.py:112]: Log pipe server stopped
2025-08-18 22:38:16,308 [DEBUG] [MainThread] [cli_server/cli_server.py:206]: CLI server stopped
2025-08-18 22:38:17,102 [INFO] [MainThread] [root/log.py:59]: YASB v1.7.9
2025-08-18 22:38:17,103 [INFO] [Thread-1 (_run_server)] [cli_server/cli_server.py:212]: CLI server started v1.1.2
2025-08-18 22:38:17,103 [INFO] [MainThread] [cli_server/cli_server.py:104]: Log pipe server started
2025-08-18 22:38:17,247 [DEBUG] [MainThread] [tzlocal/win32.py:55]: Looking up time zone info from registry
2025-08-18 22:38:17,312 [DEBUG] [MainThread] [comtypes/__init__.py:149]: CoInitializeEx(None, 2)
2025-08-18 22:38:17,673 [INFO] [MainThread] [root/watcher.py:54]: Created file watcher for path C:\Users\Quoopie\.config\yasb
2025-08-18 22:38:17,711 [DEBUG] [MainThread] [qasync._windows._EventPoller/_windows.py:213]: Starting (proactor: <_IocpProactor overlapped#=0 result#=0>)...
2025-08-18 22:38:17,712 [DEBUG] [Dummy-6] [qasync._windows._EventWorker/_windows.py:192]: Thread started
2025-08-18 22:38:17,712 [DEBUG] [MainThread] [systray_widget/systray.py:519]: Loading state from C:\Users\Quoopie\AppData\Local\YASB\systray_state_LGELECTRONICSLGULTRAGEAR404NTVSGM895.json
2025-08-18 22:38:17,726 [DEBUG] [TaskbarService] [systray_widget/systray.py:72]: TaskbarService thread is starting...
2025-08-18 22:38:17,727 [DEBUG] [TrayMonitor] [systray_widget/systray.py:58]: Systray thread is starting...
2025-08-18 22:38:17,731 [DEBUG] [TaskbarService] [root/tasks_service.py:75]: Found yasb systray hwnd: 328834
2025-08-18 22:38:17,731 [DEBUG] [TaskbarService] [systray_widget/tasks_service.py:81]: Adding TaskbandHWND prop to hwnd 328834
2025-08-18 22:38:17,745 [DEBUG] [MainThread] [systray_widget/systray.py:269]: Systray thread started
2025-08-18 22:38:17,946 [DEBUG] [TaskbarService] [systray_widget/tasks_service.py:81]: Adding TaskbandHWND prop to hwnd 328834
2025-08-18 22:38:17,946 [DEBUG] [TrayMonitor] [systray_widget/tray_monitor.py:208]: Finding real tray hwnd
2025-08-18 22:38:17,952 [DEBUG] [MainThread] [systray_widget/tray_monitor.py:144]: Sending TaskbarCreated message: 49356
2025-08-18 22:38:18,969 [DEBUG] [MainThread] [systray_widget/systray.py:457]: Re-sorting widgets
2025-08-18 22:38:18,970 [DEBUG] [MainThread] [systray_widget/systray.py:479]: Updating current state
2025-08-18 22:38:21,053 [DEBUG] [MainThread] [systray_widget/systray.py:457]: Re-sorting widgets
2025-08-18 22:38:21,053 [DEBUG] [MainThread] [systray_widget/systray.py:479]: Updating current state
2025-08-19 00:43:09,823 [DEBUG] [MainThread] [systray_widget/systray.py:457]: Re-sorting widgets
2025-08-19 00:43:09,823 [DEBUG] [MainThread] [systray_widget/systray.py:479]: Updating current state
2025-08-19 00:43:15,567 [DEBUG] [MainThread] [systray_widget/systray.py:457]: Re-sorting widgets
2025-08-19 00:43:15,567 [DEBUG] [MainThread] [systray_widget/systray.py:479]: Updating current state
2025-08-19 00:53:18,949 [DEBUG] [MainThread] [systray_widget/systray.py:457]: Re-sorting widgets
2025-08-19 00:53:18,949 [DEBUG] [MainThread] [systray_widget/systray.py:479]: Updating current state
2025-08-19 00:54:28,353 [DEBUG] [MainThread] [systray_widget/systray.py:457]: Re-sorting widgets
2025-08-19 00:54:28,353 [DEBUG] [MainThread] [systray_widget/systray.py:479]: Updating current state
2025-08-19 00:54:29,832 [DEBUG] [MainThread] [systray_widget/systray.py:457]: Re-sorting widgets
2025-08-19 00:54:29,832 [DEBUG] [MainThread] [systray_widget/systray.py:479]: Updating current state
2025-08-19 00:55:21,176 [DEBUG] [MainThread] [systray_widget/systray.py:457]: Re-sorting widgets
2025-08-19 00:55:21,176 [DEBUG] [MainThread] [systray_widget/systray.py:479]: Updating current state
2025-08-19 00:55:26,393 [DEBUG] [MainThread] [systray_widget/systray.py:457]: Re-sorting widgets
2025-08-19 00:55:26,393 [DEBUG] [MainThread] [systray_widget/systray.py:479]: Updating current state
2025-08-19 00:57:51,631 [DEBUG] [MainThread] [systray_widget/systray.py:457]: Re-sorting widgets
2025-08-19 00:57:51,631 [DEBUG] [MainThread] [systray_widget/systray.py:479]: Updating current state
2025-08-19 00:59:57,341 [DEBUG] [MainThread] [systray_widget/systray.py:457]: Re-sorting widgets
2025-08-19 00:59:57,341 [DEBUG] [MainThread] [systray_widget/systray.py:479]: Updating current state
2025-08-19 01:00:23,634 [DEBUG] [MainThread] [systray_widget/systray.py:457]: Re-sorting widgets
2025-08-19 01:00:23,634 [DEBUG] [MainThread] [systray_widget/systray.py:479]: Updating current state
2025-08-19 01:27:57,187 [DEBUG] [MainThread] [systray_widget/systray.py:479]: Updating current state
2025-08-19 01:27:57,187 [DEBUG] [MainThread] [systray_widget/systray.py:497]: Saving state to disk
2025-08-19 01:27:57,188 [DEBUG] [MainThread] [systray_widget/systray.py:501]: Saving state to C:\Users\Quoopie\AppData\Local\YASB\systray_state_LGELECTRONICSLGULTRAGEAR404NTVSGM895.json
2025-08-19 01:27:57,211 [DEBUG] [MainThread] [qasync._windows._EventPoller/_windows.py:218]: Stopping worker thread...
2025-08-19 01:27:57,214 [DEBUG] [Dummy-6] [qasync._windows._EventWorker/_windows.py:201]: Exiting thread
2025-08-19 01:27:57,215 [DEBUG] [MainThread] [qasync._windows._IocpProactor/_windows.py:75]: Closing
2025-08-19 01:27:57,247 [DEBUG] [MainThread] [systray_widget/utils.py:96]: Destroying window 132232
2025-08-19 01:27:57,247 [DEBUG] [MainThread] [systray_widget/utils.py:96]: Destroying window 328834
2025-08-19 01:27:57,247 [DEBUG] [TrayMonitor] [systray_widget/tray_monitor.py:149]: WM_CLOSE received, destroying window 328834
2025-08-19 01:27:57,248 [DEBUG] [TrayMonitor] [systray_widget/tray_monitor.py:153]: WM_DESTROY received for window 328834
2025-08-21 17:19:13,154 [INFO] [MainThread] [root/log.py:59]: YASB v1.7.9
2025-08-21 17:19:13,154 [INFO] [Thread-1 (_run_server)] [cli_server/cli_server.py:212]: CLI server started v1.1.2
2025-08-21 17:19:13,154 [INFO] [MainThread] [cli_server/cli_server.py:104]: Log pipe server started
2025-08-21 17:19:13,600 [DEBUG] [MainThread] [tzlocal/win32.py:55]: Looking up time zone info from registry
2025-08-21 17:19:14,909 [DEBUG] [MainThread] [comtypes/__init__.py:149]: CoInitializeEx(None, 2)
2025-08-21 17:19:15,812 [INFO] [MainThread] [root/watcher.py:54]: Created file watcher for path C:\Users\Quoopie\.config\yasb
2025-08-21 17:19:15,851 [DEBUG] [MainThread] [qasync._windows._EventPoller/_windows.py:213]: Starting (proactor: <_IocpProactor overlapped#=0 result#=0>)...
2025-08-21 17:19:15,851 [DEBUG] [Dummy-6] [qasync._windows._EventWorker/_windows.py:192]: Thread started
2025-08-21 17:19:15,851 [DEBUG] [MainThread] [systray_widget/systray.py:519]: Loading state from C:\Users\Quoopie\AppData\Local\YASB\systray_state_GIGABYTETECHNOLOGYCOLTDG24F222440B001173.json
2025-08-21 17:19:15,851 [DEBUG] [MainThread] [systray_widget/systray.py:529]: State file not found.
2025-08-21 17:19:15,851 [DEBUG] [TrayMonitor] [systray_widget/systray.py:58]: Systray thread is starting...
2025-08-21 17:19:15,851 [DEBUG] [TaskbarService] [systray_widget/systray.py:72]: TaskbarService thread is starting...
2025-08-21 17:19:15,851 [DEBUG] [TaskbarService] [root/tasks_service.py:75]: Found yasb systray hwnd: 66366
2025-08-21 17:19:15,851 [DEBUG] [TaskbarService] [systray_widget/tasks_service.py:81]: Adding TaskbandHWND prop to hwnd 66366
2025-08-21 17:19:15,894 [DEBUG] [MainThread] [systray_widget/systray.py:269]: Systray thread started
2025-08-21 17:19:16,094 [DEBUG] [TaskbarService] [systray_widget/tasks_service.py:81]: Adding TaskbandHWND prop to hwnd 66366
2025-08-21 17:19:16,094 [DEBUG] [TrayMonitor] [systray_widget/tray_monitor.py:208]: Finding real tray hwnd
2025-08-21 17:19:16,096 [DEBUG] [MainThread] [systray_widget/tray_monitor.py:144]: Sending TaskbarCreated message: 49247
2025-08-21 17:19:54,774 [DEBUG] [MainThread] [systray_widget/systray.py:457]: Re-sorting widgets
2025-08-21 17:19:54,775 [DEBUG] [MainThread] [systray_widget/systray.py:479]: Updating current state
2025-08-21 17:19:58,634 [DEBUG] [MainThread] [systray_widget/systray.py:457]: Re-sorting widgets
2025-08-21 17:19:58,634 [DEBUG] [MainThread] [systray_widget/systray.py:479]: Updating current state
2025-08-21 17:34:54,933 [DEBUG] [MainThread] [systray_widget/systray.py:457]: Re-sorting widgets
2025-08-21 17:34:54,933 [DEBUG] [MainThread] [systray_widget/systray.py:479]: Updating current state
2025-08-21 17:34:57,017 [DEBUG] [MainThread] [systray_widget/systray.py:457]: Re-sorting widgets
2025-08-21 17:34:57,017 [DEBUG] [MainThread] [systray_widget/systray.py:479]: Updating current state
2025-08-21 18:39:51,077 [DEBUG] [MainThread] [systray_widget/systray.py:457]: Re-sorting widgets
2025-08-21 18:39:51,077 [DEBUG] [MainThread] [systray_widget/systray.py:479]: Updating current state
2025-08-21 19:58:22,251 [DEBUG] [MainThread] [systray_widget/systray.py:479]: Updating current state
2025-08-21 19:58:22,251 [DEBUG] [MainThread] [systray_widget/systray.py:497]: Saving state to disk
2025-08-21 19:58:22,251 [DEBUG] [MainThread] [systray_widget/systray.py:501]: Saving state to C:\Users\Quoopie\AppData\Local\YASB\systray_state_GIGABYTETECHNOLOGYCOLTDG24F222440B001173.json
2025-08-21 19:58:22,251 [DEBUG] [MainThread] [systray_widget/systray.py:509]: State file not found.
2025-08-21 19:58:22,251 [DEBUG] [MainThread] [qasync._windows._EventPoller/_windows.py:218]: Stopping worker thread...
2025-08-21 19:58:22,264 [DEBUG] [Dummy-6] [qasync._windows._EventWorker/_windows.py:201]: Exiting thread
2025-08-21 19:58:22,264 [DEBUG] [MainThread] [qasync._windows._IocpProactor/_windows.py:75]: Closing
2025-08-21 19:58:22,293 [DEBUG] [MainThread] [systray_widget/utils.py:96]: Destroying window 66368
2025-08-21 19:58:22,293 [DEBUG] [MainThread] [systray_widget/utils.py:96]: Destroying window 66366
2025-08-21 19:58:22,293 [DEBUG] [TrayMonitor] [systray_widget/tray_monitor.py:149]: WM_CLOSE received, destroying window 66366
2025-08-21 19:58:22,293 [DEBUG] [TrayMonitor] [systray_widget/tray_monitor.py:153]: WM_DESTROY received for window 66366
2025-08-22 00:04:40,676 [INFO] [MainThread] [root/log.py:59]: YASB v1.7.9
2025-08-22 00:04:40,676 [INFO] [Thread-1 (_run_server)] [cli_server/cli_server.py:212]: CLI server started v1.1.2
2025-08-22 00:04:40,676 [INFO] [MainThread] [cli_server/cli_server.py:104]: Log pipe server started
2025-08-22 00:04:41,118 [DEBUG] [MainThread] [tzlocal/win32.py:55]: Looking up time zone info from registry
2025-08-22 00:04:42,545 [DEBUG] [MainThread] [comtypes/__init__.py:149]: CoInitializeEx(None, 2)
2025-08-22 00:04:44,219 [INFO] [MainThread] [root/watcher.py:54]: Created file watcher for path C:\Users\Quoopie\.config\yasb
2025-08-22 00:04:44,257 [DEBUG] [MainThread] [qasync._windows._EventPoller/_windows.py:213]: Starting (proactor: <_IocpProactor overlapped#=0 result#=0>)...
2025-08-22 00:04:44,257 [DEBUG] [Dummy-6] [qasync._windows._EventWorker/_windows.py:192]: Thread started
2025-08-22 00:04:44,257 [DEBUG] [MainThread] [systray_widget/systray.py:519]: Loading state from C:\Users\Quoopie\AppData\Local\YASB\systray_state_GIGABYTETECHNOLOGYCOLTDG24F222440B001173.json
2025-08-22 00:04:44,278 [DEBUG] [TrayMonitor] [systray_widget/systray.py:58]: Systray thread is starting...
2025-08-22 00:04:44,278 [DEBUG] [TaskbarService] [systray_widget/systray.py:72]: TaskbarService thread is starting...
2025-08-22 00:04:44,278 [DEBUG] [TaskbarService] [root/tasks_service.py:75]: Found yasb systray hwnd: 66452
2025-08-22 00:04:44,278 [DEBUG] [TaskbarService] [systray_widget/tasks_service.py:81]: Adding TaskbandHWND prop to hwnd 66452
2025-08-22 00:04:44,309 [WARNING] [Thread-5 (check_for_update)] [root/update_check.py:50]: UpdateCheckService Failed to check for updates: Network error.
2025-08-22 00:04:45,375 [DEBUG] [TrayMonitor] [systray_widget/tray_monitor.py:208]: Finding real tray hwnd
2025-08-22 00:04:46,386 [DEBUG] [MainThread] [systray_widget/systray.py:457]: Re-sorting widgets
2025-08-22 00:04:46,386 [DEBUG] [MainThread] [systray_widget/systray.py:479]: Updating current state
2025-08-22 00:06:36,428 [DEBUG] [MainThread] [systray_widget/systray.py:457]: Re-sorting widgets
2025-08-22 00:06:36,428 [DEBUG] [MainThread] [systray_widget/systray.py:479]: Updating current state
2025-08-22 00:06:39,142 [DEBUG] [MainThread] [systray_widget/systray.py:457]: Re-sorting widgets
2025-08-22 00:06:39,142 [DEBUG] [MainThread] [systray_widget/systray.py:479]: Updating current state
2025-08-22 02:04:19,058 [DEBUG] [MainThread] [systray_widget/systray.py:479]: Updating current state
2025-08-22 02:04:19,058 [DEBUG] [MainThread] [systray_widget/systray.py:497]: Saving state to disk
2025-08-22 02:04:19,058 [DEBUG] [MainThread] [systray_widget/systray.py:501]: Saving state to C:\Users\Quoopie\AppData\Local\YASB\systray_state_GIGABYTETECHNOLOGYCOLTDG24F222440B001173.json
2025-08-22 02:04:19,073 [DEBUG] [MainThread] [qasync._windows._EventPoller/_windows.py:218]: Stopping worker thread...
2025-08-22 02:04:19,087 [DEBUG] [Dummy-6] [qasync._windows._EventWorker/_windows.py:201]: Exiting thread
2025-08-22 02:04:19,089 [DEBUG] [MainThread] [qasync._windows._IocpProactor/_windows.py:75]: Closing
2025-08-22 02:04:19,112 [DEBUG] [MainThread] [systray_widget/utils.py:96]: Destroying window 66456
2025-08-22 02:04:19,112 [DEBUG] [MainThread] [systray_widget/utils.py:96]: Destroying window 66452
2025-08-22 02:04:19,112 [DEBUG] [TrayMonitor] [systray_widget/tray_monitor.py:149]: WM_CLOSE received, destroying window 66452
2025-08-22 02:04:19,112 [DEBUG] [TrayMonitor] [systray_widget/tray_monitor.py:153]: WM_DESTROY received for window 66452
2025-08-22 18:40:48,189 [INFO] [MainThread] [root/log.py:59]: YASB v1.7.9
2025-08-22 18:40:48,191 [INFO] [Thread-1 (_run_server)] [cli_server/cli_server.py:212]: CLI server started v1.1.2
2025-08-22 18:40:48,191 [INFO] [MainThread] [cli_server/cli_server.py:104]: Log pipe server started
2025-08-22 18:40:48,699 [DEBUG] [MainThread] [tzlocal/win32.py:55]: Looking up time zone info from registry
2025-08-22 18:40:50,088 [DEBUG] [MainThread] [comtypes/__init__.py:149]: CoInitializeEx(None, 2)
2025-08-22 18:40:50,857 [INFO] [MainThread] [root/watcher.py:54]: Created file watcher for path C:\Users\Quoopie\.config\yasb
2025-08-22 18:40:50,892 [DEBUG] [MainThread] [qasync._windows._EventPoller/_windows.py:213]: Starting (proactor: <_IocpProactor overlapped#=0 result#=0>)...
2025-08-22 18:40:50,892 [DEBUG] [Dummy-6] [qasync._windows._EventWorker/_windows.py:192]: Thread started
2025-08-22 18:40:50,892 [DEBUG] [MainThread] [systray_widget/systray.py:519]: Loading state from C:\Users\Quoopie\AppData\Local\YASB\systray_state_GIGABYTETECHNOLOGYCOLTDG24F222440B001173.json
2025-08-22 18:40:50,892 [DEBUG] [TrayMonitor] [systray_widget/systray.py:58]: Systray thread is starting...
2025-08-22 18:40:50,892 [DEBUG] [TaskbarService] [systray_widget/systray.py:72]: TaskbarService thread is starting...
2025-08-22 18:40:50,892 [DEBUG] [TaskbarService] [root/tasks_service.py:75]: Found yasb systray hwnd: 66448
2025-08-22 18:40:50,892 [DEBUG] [TaskbarService] [systray_widget/tasks_service.py:81]: Adding TaskbandHWND prop to hwnd 66448
2025-08-22 18:40:50,924 [DEBUG] [MainThread] [systray_widget/systray.py:269]: Systray thread started
2025-08-22 18:40:51,125 [DEBUG] [TaskbarService] [systray_widget/tasks_service.py:81]: Adding TaskbandHWND prop to hwnd 66448
2025-08-22 18:40:51,125 [DEBUG] [TrayMonitor] [systray_widget/tray_monitor.py:208]: Finding real tray hwnd
2025-08-22 18:40:51,130 [DEBUG] [MainThread] [systray_widget/tray_monitor.py:144]: Sending TaskbarCreated message: 49356
2025-08-22 18:40:52,150 [DEBUG] [MainThread] [systray_widget/systray.py:457]: Re-sorting widgets
2025-08-22 18:40:52,150 [DEBUG] [MainThread] [systray_widget/systray.py:479]: Updating current state
2025-08-22 18:40:53,828 [DEBUG] [MainThread] [systray_widget/systray.py:457]: Re-sorting widgets
2025-08-22 18:40:53,828 [DEBUG] [MainThread] [systray_widget/systray.py:479]: Updating current state
2025-08-22 18:45:24,228 [DEBUG] [MainThread] [systray_widget/systray.py:457]: Re-sorting widgets
2025-08-22 18:45:24,228 [DEBUG] [MainThread] [systray_widget/systray.py:479]: Updating current state
2025-08-22 18:45:27,039 [DEBUG] [MainThread] [systray_widget/systray.py:457]: Re-sorting widgets
2025-08-22 18:45:27,039 [DEBUG] [MainThread] [systray_widget/systray.py:479]: Updating current state
2025-08-23 02:14:12,678 [DEBUG] [MainThread] [systray_widget/systray.py:479]: Updating current state
2025-08-23 02:14:12,678 [DEBUG] [MainThread] [systray_widget/systray.py:497]: Saving state to disk
2025-08-23 02:14:12,678 [DEBUG] [MainThread] [systray_widget/systray.py:501]: Saving state to C:\Users\Quoopie\AppData\Local\YASB\systray_state_GIGABYTETECHNOLOGYCOLTDG24F222440B001173.json
2025-08-23 02:14:12,686 [DEBUG] [MainThread] [qasync._windows._EventPoller/_windows.py:218]: Stopping worker thread...
2025-08-23 02:14:12,693 [DEBUG] [Dummy-6] [qasync._windows._EventWorker/_windows.py:201]: Exiting thread
2025-08-23 02:14:12,693 [DEBUG] [MainThread] [qasync._windows._IocpProactor/_windows.py:75]: Closing
2025-08-23 02:14:12,713 [DEBUG] [MainThread] [systray_widget/utils.py:96]: Destroying window 66450
2025-08-23 02:14:12,713 [DEBUG] [MainThread] [systray_widget/utils.py:96]: Destroying window 66448
2025-08-23 02:14:12,713 [DEBUG] [TrayMonitor] [systray_widget/tray_monitor.py:149]: WM_CLOSE received, destroying window 66448
2025-08-23 02:14:12,713 [DEBUG] [TrayMonitor] [systray_widget/tray_monitor.py:153]: WM_DESTROY received for window 66448
2025-08-23 12:32:46,067 [INFO] [MainThread] [root/log.py:59]: YASB v1.7.9
2025-08-23 12:32:46,067 [INFO] [Thread-1 (_run_server)] [cli_server/cli_server.py:212]: CLI server started v1.1.2
2025-08-23 12:32:46,067 [INFO] [MainThread] [cli_server/cli_server.py:104]: Log pipe server started
2025-08-23 12:32:46,468 [DEBUG] [MainThread] [tzlocal/win32.py:55]: Looking up time zone info from registry
2025-08-23 12:32:47,450 [DEBUG] [MainThread] [comtypes/__init__.py:149]: CoInitializeEx(None, 2)
2025-08-23 12:32:48,263 [INFO] [MainThread] [root/watcher.py:54]: Created file watcher for path C:\Users\Quoopie\.config\yasb
2025-08-23 12:32:48,296 [DEBUG] [MainThread] [qasync._windows._EventPoller/_windows.py:213]: Starting (proactor: <_IocpProactor overlapped#=0 result#=0>)...
2025-08-23 12:32:48,306 [DEBUG] [Dummy-6] [qasync._windows._EventWorker/_windows.py:192]: Thread started
2025-08-23 12:32:48,306 [DEBUG] [MainThread] [systray_widget/systray.py:519]: Loading state from C:\Users\Quoopie\AppData\Local\YASB\systray_state_GIGABYTETECHNOLOGYCOLTDG24F222440B001173.json
2025-08-23 12:32:48,306 [DEBUG] [TrayMonitor] [systray_widget/systray.py:58]: Systray thread is starting...
2025-08-23 12:32:48,306 [DEBUG] [TaskbarService] [systray_widget/systray.py:72]: TaskbarService thread is starting...
2025-08-23 12:32:48,310 [DEBUG] [TaskbarService] [root/tasks_service.py:75]: Found yasb systray hwnd: 66378
2025-08-23 12:32:48,310 [DEBUG] [TaskbarService] [systray_widget/tasks_service.py:81]: Adding TaskbandHWND prop to hwnd 66378
2025-08-23 12:32:48,339 [DEBUG] [MainThread] [systray_widget/systray.py:269]: Systray thread started
2025-08-23 12:32:48,540 [DEBUG] [TaskbarService] [systray_widget/tasks_service.py:81]: Adding TaskbandHWND prop to hwnd 66378
2025-08-23 12:32:48,540 [DEBUG] [TrayMonitor] [systray_widget/tray_monitor.py:208]: Finding real tray hwnd
2025-08-23 12:32:48,546 [DEBUG] [MainThread] [systray_widget/tray_monitor.py:144]: Sending TaskbarCreated message: 49356
2025-08-23 12:32:50,364 [DEBUG] [MainThread] [systray_widget/systray.py:457]: Re-sorting widgets
2025-08-23 12:32:50,364 [DEBUG] [MainThread] [systray_widget/systray.py:479]: Updating current state
2025-08-23 12:32:58,657 [DEBUG] [MainThread] [systray_widget/systray.py:457]: Re-sorting widgets
2025-08-23 12:32:58,657 [DEBUG] [MainThread] [systray_widget/systray.py:479]: Updating current state
2025-08-23 12:33:01,039 [DEBUG] [MainThread] [systray_widget/systray.py:457]: Re-sorting widgets
2025-08-23 12:33:01,039 [DEBUG] [MainThread] [systray_widget/systray.py:479]: Updating current state
2025-08-23 12:52:18,936 [DEBUG] [MainThread] [systray_widget/systray.py:457]: Re-sorting widgets
2025-08-23 12:52:18,936 [DEBUG] [MainThread] [systray_widget/systray.py:479]: Updating current state
2025-08-23 12:52:22,631 [DEBUG] [MainThread] [systray_widget/systray.py:457]: Re-sorting widgets
2025-08-23 12:52:22,631 [DEBUG] [MainThread] [systray_widget/systray.py:479]: Updating current state
2025-08-23 13:02:09,592 [DEBUG] [MainThread] [systray_widget/systray.py:457]: Re-sorting widgets
2025-08-23 13:02:09,593 [DEBUG] [MainThread] [systray_widget/systray.py:479]: Updating current state
2025-08-23 13:07:36,212 [INFO] [MainThread] [root/bar.py:137]: Screen geometry changed. Updating position for bar (primary-bar_G24F 2_3ac8d3c1)
2025-08-23 13:08:32,940 [INFO] [MainThread] [root/bar.py:137]: Screen geometry changed. Updating position for bar (primary-bar_G24F 2_3ac8d3c1)
2025-08-23 14:03:18,608 [DEBUG] [MainThread] [systray_widget/systray.py:457]: Re-sorting widgets
2025-08-23 14:03:18,608 [DEBUG] [MainThread] [systray_widget/systray.py:479]: Updating current state
2025-08-23 19:39:03,090 [DEBUG] [MainThread] [systray_widget/systray.py:479]: Updating current state
2025-08-23 19:39:03,090 [DEBUG] [MainThread] [systray_widget/systray.py:497]: Saving state to disk
2025-08-23 19:39:03,090 [DEBUG] [MainThread] [systray_widget/systray.py:501]: Saving state to C:\Users\Quoopie\AppData\Local\YASB\systray_state_GIGABYTETECHNOLOGYCOLTDG24F222440B001173.json
2025-08-23 19:39:03,103 [DEBUG] [MainThread] [qasync._windows._EventPoller/_windows.py:218]: Stopping worker thread...
2025-08-23 19:39:03,105 [DEBUG] [Dummy-6] [qasync._windows._EventWorker/_windows.py:201]: Exiting thread
2025-08-23 19:39:03,105 [DEBUG] [MainThread] [qasync._windows._IocpProactor/_windows.py:75]: Closing
2025-08-23 19:39:03,137 [DEBUG] [MainThread] [systray_widget/utils.py:96]: Destroying window 66380
2025-08-23 19:39:03,137 [DEBUG] [MainThread] [systray_widget/utils.py:96]: Destroying window 66378
2025-08-23 19:39:03,137 [DEBUG] [TrayMonitor] [systray_widget/tray_monitor.py:149]: WM_CLOSE received, destroying window 66378
2025-08-23 19:39:03,137 [DEBUG] [TrayMonitor] [systray_widget/tray_monitor.py:153]: WM_DESTROY received for window 66378
2025-08-24 16:54:00,938 [INFO] [MainThread] [root/log.py:59]: YASB v1.7.9
2025-08-24 16:54:00,938 [INFO] [Thread-1 (_run_server)] [cli_server/cli_server.py:212]: CLI server started v1.1.2
2025-08-24 16:54:00,938 [INFO] [MainThread] [cli_server/cli_server.py:104]: Log pipe server started
2025-08-24 16:54:01,372 [DEBUG] [MainThread] [tzlocal/win32.py:55]: Looking up time zone info from registry
2025-08-24 16:54:02,806 [DEBUG] [MainThread] [comtypes/__init__.py:149]: CoInitializeEx(None, 2)
2025-08-24 16:54:03,805 [INFO] [MainThread] [root/watcher.py:54]: Created file watcher for path C:\Users\Quoopie\.config\yasb
2025-08-24 16:54:03,837 [DEBUG] [MainThread] [qasync._windows._EventPoller/_windows.py:213]: Starting (proactor: <_IocpProactor overlapped#=0 result#=0>)...
2025-08-24 16:54:03,837 [DEBUG] [Dummy-6] [qasync._windows._EventWorker/_windows.py:192]: Thread started
2025-08-24 16:54:03,837 [DEBUG] [MainThread] [systray_widget/systray.py:519]: Loading state from C:\Users\Quoopie\AppData\Local\YASB\systray_state_GIGABYTETECHNOLOGYCOLTDG24F222440B001173.json
2025-08-24 16:54:03,864 [DEBUG] [TrayMonitor] [systray_widget/systray.py:58]: Systray thread is starting...
2025-08-24 16:54:03,864 [DEBUG] [TaskbarService] [systray_widget/systray.py:72]: TaskbarService thread is starting...
2025-08-24 16:54:03,867 [DEBUG] [TaskbarService] [root/tasks_service.py:75]: Found yasb systray hwnd: 66374
2025-08-24 16:54:03,867 [DEBUG] [TaskbarService] [systray_widget/tasks_service.py:81]: Adding TaskbandHWND prop to hwnd 66374
2025-08-24 16:54:03,881 [DEBUG] [MainThread] [systray_widget/systray.py:269]: Systray thread started
2025-08-24 16:54:04,726 [DEBUG] [TaskbarService] [systray_widget/tasks_service.py:81]: Adding TaskbandHWND prop to hwnd 66374
2025-08-24 16:54:04,729 [DEBUG] [TrayMonitor] [systray_widget/tray_monitor.py:208]: Finding real tray hwnd
2025-08-24 16:54:04,737 [DEBUG] [MainThread] [systray_widget/tray_monitor.py:144]: Sending TaskbarCreated message: 49356
2025-08-24 16:54:05,762 [DEBUG] [MainThread] [systray_widget/systray.py:457]: Re-sorting widgets
2025-08-24 16:54:05,762 [DEBUG] [MainThread] [systray_widget/systray.py:479]: Updating current state
2025-08-24 16:55:45,124 [DEBUG] [MainThread] [systray_widget/systray.py:457]: Re-sorting widgets
2025-08-24 16:55:45,124 [DEBUG] [MainThread] [systray_widget/systray.py:479]: Updating current state
2025-08-24 16:55:48,050 [DEBUG] [MainThread] [systray_widget/systray.py:457]: Re-sorting widgets
2025-08-24 16:55:48,051 [DEBUG] [MainThread] [systray_widget/systray.py:479]: Updating current state
2025-08-24 17:33:55,603 [DEBUG] [MainThread] [systray_widget/systray.py:479]: Updating current state
2025-08-24 17:33:55,603 [DEBUG] [MainThread] [systray_widget/systray.py:497]: Saving state to disk
2025-08-24 17:33:55,603 [DEBUG] [MainThread] [systray_widget/systray.py:501]: Saving state to C:\Users\Quoopie\AppData\Local\YASB\systray_state_GIGABYTETECHNOLOGYCOLTDG24F222440B001173.json
2025-08-24 17:33:55,631 [DEBUG] [MainThread] [qasync._windows._EventPoller/_windows.py:218]: Stopping worker thread...
2025-08-24 17:33:55,632 [DEBUG] [Dummy-6] [qasync._windows._EventWorker/_windows.py:201]: Exiting thread
2025-08-24 17:33:55,632 [DEBUG] [MainThread] [qasync._windows._IocpProactor/_windows.py:75]: Closing
2025-08-24 17:33:55,656 [DEBUG] [MainThread] [systray_widget/utils.py:96]: Destroying window 66376
2025-08-24 17:33:55,656 [DEBUG] [MainThread] [systray_widget/utils.py:96]: Destroying window 66374
2025-08-24 17:33:55,656 [DEBUG] [TrayMonitor] [systray_widget/tray_monitor.py:149]: WM_CLOSE received, destroying window 66374
2025-08-24 17:33:55,656 [DEBUG] [TrayMonitor] [systray_widget/tray_monitor.py:153]: WM_DESTROY received for window 66374
2025-08-24 23:22:50,501 [INFO] [MainThread] [root/log.py:59]: YASB v1.7.9
2025-08-24 23:22:50,501 [INFO] [Thread-1 (_run_server)] [cli_server/cli_server.py:212]: CLI server started v1.1.2
2025-08-24 23:22:50,501 [INFO] [MainThread] [cli_server/cli_server.py:104]: Log pipe server started
2025-08-24 23:22:50,949 [DEBUG] [MainThread] [tzlocal/win32.py:55]: Looking up time zone info from registry
2025-08-24 23:22:52,415 [DEBUG] [MainThread] [comtypes/__init__.py:149]: CoInitializeEx(None, 2)
2025-08-24 23:22:53,440 [INFO] [MainThread] [root/watcher.py:54]: Created file watcher for path C:\Users\Quoopie\.config\yasb
2025-08-24 23:22:53,479 [DEBUG] [MainThread] [qasync._windows._EventPoller/_windows.py:213]: Starting (proactor: <_IocpProactor overlapped#=0 result#=0>)...
2025-08-24 23:22:53,479 [DEBUG] [Dummy-6] [qasync._windows._EventWorker/_windows.py:192]: Thread started
2025-08-24 23:22:53,481 [DEBUG] [MainThread] [systray_widget/systray.py:519]: Loading state from C:\Users\Quoopie\AppData\Local\YASB\systray_state_GIGABYTETECHNOLOGYCOLTDG24F222440B001173.json
2025-08-24 23:22:53,481 [DEBUG] [TrayMonitor] [systray_widget/systray.py:58]: Systray thread is starting...
2025-08-24 23:22:53,481 [DEBUG] [TaskbarService] [systray_widget/systray.py:72]: TaskbarService thread is starting...
2025-08-24 23:22:53,484 [DEBUG] [TaskbarService] [root/tasks_service.py:75]: Found yasb systray hwnd: 66420
2025-08-24 23:22:53,484 [DEBUG] [TaskbarService] [systray_widget/tasks_service.py:81]: Adding TaskbandHWND prop to hwnd 66420
2025-08-24 23:22:53,511 [DEBUG] [MainThread] [systray_widget/systray.py:269]: Systray thread started
2025-08-24 23:22:53,851 [DEBUG] [TaskbarService] [systray_widget/tasks_service.py:81]: Adding TaskbandHWND prop to hwnd 66420
2025-08-24 23:22:53,851 [DEBUG] [TrayMonitor] [systray_widget/tray_monitor.py:208]: Finding real tray hwnd
2025-08-24 23:22:53,856 [DEBUG] [MainThread] [systray_widget/tray_monitor.py:144]: Sending TaskbarCreated message: 49356
2025-08-24 23:22:54,863 [DEBUG] [MainThread] [systray_widget/systray.py:457]: Re-sorting widgets
2025-08-24 23:22:54,863 [DEBUG] [MainThread] [systray_widget/systray.py:479]: Updating current state
2025-08-24 23:23:05,559 [DEBUG] [MainThread] [systray_widget/systray.py:457]: Re-sorting widgets
2025-08-24 23:23:05,559 [DEBUG] [MainThread] [systray_widget/systray.py:479]: Updating current state
2025-08-24 23:23:34,309 [INFO] [MainThread] [root/controller.py:30]: Exiting Application from tray...
2025-08-24 23:23:34,420 [INFO] [MainThread] [cli_server/cli_server.py:112]: Log pipe server stopped
2025-08-24 23:23:34,420 [DEBUG] [MainThread] [cli_server/cli_server.py:206]: CLI server stopped
2025-08-24 23:23:34,420 [DEBUG] [MainThread] [systray_widget/systray.py:479]: Updating current state
2025-08-24 23:23:34,420 [DEBUG] [MainThread] [systray_widget/systray.py:497]: Saving state to disk
2025-08-24 23:23:34,420 [DEBUG] [MainThread] [systray_widget/systray.py:501]: Saving state to C:\Users\Quoopie\AppData\Local\YASB\systray_state_GIGABYTETECHNOLOGYCOLTDG24F222440B001173.json
2025-08-24 23:23:34,420 [DEBUG] [MainThread] [qasync._windows._EventPoller/_windows.py:218]: Stopping worker thread...
2025-08-24 23:23:34,436 [DEBUG] [Dummy-6] [qasync._windows._EventWorker/_windows.py:201]: Exiting thread
2025-08-24 23:23:34,436 [DEBUG] [MainThread] [qasync._windows._IocpProactor/_windows.py:75]: Closing
2025-08-24 23:23:34,454 [DEBUG] [MainThread] [systray_widget/utils.py:96]: Destroying window 66426
2025-08-24 23:23:34,454 [DEBUG] [MainThread] [systray_widget/utils.py:96]: Destroying window 66420
2025-08-24 23:23:34,454 [DEBUG] [TrayMonitor] [systray_widget/tray_monitor.py:149]: WM_CLOSE received, destroying window 66420
2025-08-24 23:23:34,454 [DEBUG] [TrayMonitor] [systray_widget/tray_monitor.py:153]: WM_DESTROY received for window 66420
2025-08-24 23:23:57,191 [INFO] [MainThread] [root/log.py:59]: YASB v1.8.0
2025-08-24 23:23:57,191 [INFO] [Thread-1 (_run_server)] [cli_server/cli_server.py:212]: CLI server started v1.1.2
2025-08-24 23:23:57,191 [INFO] [MainThread] [cli_server/cli_server.py:104]: Log pipe server started
2025-08-24 23:23:57,875 [DEBUG] [MainThread] [tzlocal/win32.py:55]: Looking up time zone info from registry
2025-08-24 23:23:58,372 [DEBUG] [MainThread] [comtypes/__init__.py:149]: CoInitializeEx(None, 2)
2025-08-24 23:23:58,882 [INFO] [MainThread] [root/watcher.py:54]: Created file watcher for path C:\Users\Quoopie\.config\yasb
2025-08-24 23:23:58,937 [DEBUG] [MainThread] [qasync._windows._EventPoller/_windows.py:213]: Starting (proactor: <_IocpProactor overlapped#=0 result#=0>)...
2025-08-24 23:23:58,937 [DEBUG] [Dummy-6] [qasync._windows._EventWorker/_windows.py:192]: Thread started
2025-08-24 23:23:58,948 [DEBUG] [MainThread] [systray_widget/systray.py:535]: Loading state from C:\Users\Quoopie\AppData\Local\YASB\systray_state_GIGABYTETECHNOLOGYCOLTDG24F222440B001173.json
2025-08-24 23:23:58,948 [DEBUG] [TrayMonitor] [systray_widget/systray.py:58]: Systray thread is starting...
2025-08-24 23:23:58,948 [DEBUG] [TaskbarService] [systray_widget/systray.py:72]: TaskbarService thread is starting...
2025-08-24 23:23:58,948 [DEBUG] [TaskbarService] [root/tasks_service.py:75]: Found yasb systray hwnd: 66664
2025-08-24 23:23:58,948 [DEBUG] [TaskbarService] [systray_widget/tasks_service.py:81]: Adding TaskbandHWND prop to hwnd 66664
2025-08-24 23:23:58,964 [DEBUG] [MainThread] [systray_widget/systray.py:285]: Systray thread started
2025-08-24 23:23:59,165 [DEBUG] [TaskbarService] [systray_widget/tasks_service.py:81]: Adding TaskbandHWND prop to hwnd 66664
2025-08-24 23:23:59,165 [DEBUG] [TrayMonitor] [systray_widget/tray_monitor.py:228]: Finding real tray hwnd
2025-08-24 23:23:59,170 [DEBUG] [MainThread] [systray_widget/tray_monitor.py:154]: Sending TaskbarCreated message: 49356
2025-08-24 23:24:00,184 [DEBUG] [MainThread] [systray_widget/systray.py:473]: Re-sorting widgets
2025-08-24 23:24:00,184 [DEBUG] [MainThread] [systray_widget/systray.py:495]: Updating current state
2025-08-24 23:28:49,672 [DEBUG] [MainThread] [systray_widget/systray.py:473]: Re-sorting widgets
2025-08-24 23:28:49,672 [DEBUG] [MainThread] [systray_widget/systray.py:495]: Updating current state
2025-08-24 23:28:52,042 [DEBUG] [MainThread] [systray_widget/systray.py:473]: Re-sorting widgets
2025-08-24 23:28:52,043 [DEBUG] [MainThread] [systray_widget/systray.py:495]: Updating current state
2025-08-24 23:29:46,355 [DEBUG] [MainThread] [systray_widget/systray.py:473]: Re-sorting widgets
2025-08-24 23:29:46,355 [DEBUG] [MainThread] [systray_widget/systray.py:495]: Updating current state
2025-08-25 01:01:33,278 [DEBUG] [MainThread] [systray_widget/systray.py:495]: Updating current state
2025-08-25 01:01:33,278 [DEBUG] [MainThread] [systray_widget/systray.py:513]: Saving state to disk
2025-08-25 01:01:33,278 [DEBUG] [MainThread] [systray_widget/systray.py:517]: Saving state to C:\Users\Quoopie\AppData\Local\YASB\systray_state_GIGABYTETECHNOLOGYCOLTDG24F222440B001173.json
2025-08-25 01:01:33,287 [DEBUG] [MainThread] [qasync._windows._EventPoller/_windows.py:218]: Stopping worker thread...
2025-08-25 01:01:33,303 [DEBUG] [Dummy-6] [qasync._windows._EventWorker/_windows.py:201]: Exiting thread
2025-08-25 01:01:33,303 [DEBUG] [MainThread] [qasync._windows._IocpProactor/_windows.py:75]: Closing
2025-08-25 01:01:33,334 [DEBUG] [MainThread] [systray_widget/utils.py:96]: Destroying window 66668
2025-08-25 01:01:33,334 [DEBUG] [MainThread] [systray_widget/utils.py:96]: Destroying window 66664
2025-08-25 10:13:30,341 [INFO] [MainThread] [root/log.py:59]: YASB v1.8.0
2025-08-25 10:13:30,341 [INFO] [Thread-1 (_run_server)] [cli_server/cli_server.py:212]: CLI server started v1.1.2
2025-08-25 10:13:30,341 [INFO] [MainThread] [cli_server/cli_server.py:104]: Log pipe server started
2025-08-25 10:13:30,830 [DEBUG] [MainThread] [tzlocal/win32.py:55]: Looking up time zone info from registry
2025-08-25 10:13:32,186 [DEBUG] [MainThread] [comtypes/__init__.py:149]: CoInitializeEx(None, 2)
2025-08-25 10:13:33,095 [INFO] [MainThread] [root/watcher.py:54]: Created file watcher for path C:\Users\Quoopie\.config\yasb
2025-08-25 10:13:33,146 [DEBUG] [MainThread] [qasync._windows._EventPoller/_windows.py:213]: Starting (proactor: <_IocpProactor overlapped#=0 result#=0>)...
2025-08-25 10:13:33,146 [DEBUG] [Dummy-6] [qasync._windows._EventWorker/_windows.py:192]: Thread started
2025-08-25 10:13:33,146 [DEBUG] [MainThread] [systray_widget/systray.py:535]: Loading state from C:\Users\Quoopie\AppData\Local\YASB\systray_state_GIGABYTETECHNOLOGYCOLTDG24F222440B001173.json
2025-08-25 10:13:33,146 [DEBUG] [TrayMonitor] [systray_widget/systray.py:58]: Systray thread is starting...
2025-08-25 10:13:33,146 [DEBUG] [TaskbarService] [systray_widget/systray.py:72]: TaskbarService thread is starting...
2025-08-25 10:13:33,151 [DEBUG] [TaskbarService] [root/tasks_service.py:75]: Found yasb systray hwnd: 66360
2025-08-25 10:13:33,151 [DEBUG] [TaskbarService] [systray_widget/tasks_service.py:81]: Adding TaskbandHWND prop to hwnd 66360
2025-08-25 10:13:33,178 [DEBUG] [MainThread] [systray_widget/systray.py:285]: Systray thread started
2025-08-25 10:13:33,379 [DEBUG] [TaskbarService] [systray_widget/tasks_service.py:81]: Adding TaskbandHWND prop to hwnd 66360
2025-08-25 10:13:33,379 [DEBUG] [TrayMonitor] [systray_widget/tray_monitor.py:228]: Finding real tray hwnd
2025-08-25 10:13:33,385 [DEBUG] [MainThread] [systray_widget/tray_monitor.py:154]: Sending TaskbarCreated message: 49356
2025-08-25 10:13:34,400 [DEBUG] [MainThread] [systray_widget/systray.py:473]: Re-sorting widgets
2025-08-25 10:13:34,400 [DEBUG] [MainThread] [systray_widget/systray.py:495]: Updating current state
2025-08-25 10:13:35,500 [DEBUG] [MainThread] [systray_widget/systray.py:473]: Re-sorting widgets
2025-08-25 10:13:35,500 [DEBUG] [MainThread] [systray_widget/systray.py:495]: Updating current state
2025-08-25 10:14:11,003 [DEBUG] [MainThread] [systray_widget/systray.py:473]: Re-sorting widgets
2025-08-25 10:14:11,003 [DEBUG] [MainThread] [systray_widget/systray.py:495]: Updating current state
2025-08-25 10:26:56,569 [DEBUG] [MainThread] [systray_widget/systray.py:495]: Updating current state
2025-08-25 10:26:56,569 [DEBUG] [MainThread] [systray_widget/systray.py:513]: Saving state to disk
2025-08-25 10:26:56,569 [DEBUG] [MainThread] [systray_widget/systray.py:517]: Saving state to C:\Users\Quoopie\AppData\Local\YASB\systray_state_GIGABYTETECHNOLOGYCOLTDG24F222440B001173.json
2025-08-25 10:26:56,575 [DEBUG] [MainThread] [qasync._windows._EventPoller/_windows.py:218]: Stopping worker thread...
2025-08-25 10:26:56,584 [DEBUG] [Dummy-6] [qasync._windows._EventWorker/_windows.py:201]: Exiting thread
2025-08-25 10:26:56,584 [DEBUG] [MainThread] [qasync._windows._IocpProactor/_windows.py:75]: Closing
2025-08-25 10:26:56,600 [DEBUG] [MainThread] [systray_widget/utils.py:96]: Destroying window 66362
2025-08-25 10:26:56,600 [DEBUG] [MainThread] [systray_widget/utils.py:96]: Destroying window 66360
2025-08-25 19:00:26,342 [INFO] [MainThread] [root/log.py:59]: YASB v1.8.0
2025-08-25 19:00:26,343 [INFO] [Thread-1 (_run_server)] [cli_server/cli_server.py:212]: CLI server started v1.1.2
2025-08-25 19:00:26,343 [INFO] [MainThread] [cli_server/cli_server.py:104]: Log pipe server started
2025-08-25 19:00:26,698 [DEBUG] [MainThread] [tzlocal/win32.py:55]: Looking up time zone info from registry
2025-08-25 19:00:26,801 [DEBUG] [MainThread] [comtypes/__init__.py:149]: CoInitializeEx(None, 2)
2025-08-25 19:00:27,464 [INFO] [MainThread] [root/watcher.py:54]: Created file watcher for path C:\Users\Quoopie\.config\yasb
2025-08-25 19:00:27,517 [DEBUG] [MainThread] [qasync._windows._EventPoller/_windows.py:213]: Starting (proactor: <_IocpProactor overlapped#=0 result#=0>)...
2025-08-25 19:00:27,517 [DEBUG] [Dummy-6] [qasync._windows._EventWorker/_windows.py:192]: Thread started
2025-08-25 19:00:27,517 [DEBUG] [MainThread] [systray_widget/systray.py:535]: Loading state from C:\Users\Quoopie\AppData\Local\YASB\systray_state_GIGABYTETECHNOLOGYCOLTDG24F222440B001173.json
2025-08-25 19:00:27,517 [DEBUG] [TrayMonitor] [systray_widget/systray.py:58]: Systray thread is starting...
2025-08-25 19:00:27,517 [DEBUG] [TaskbarService] [systray_widget/systray.py:72]: TaskbarService thread is starting...
2025-08-25 19:00:27,517 [DEBUG] [TaskbarService] [root/tasks_service.py:75]: Found yasb systray hwnd: 66304
2025-08-25 19:00:27,517 [DEBUG] [TaskbarService] [systray_widget/tasks_service.py:81]: Adding TaskbandHWND prop to hwnd 66304
2025-08-25 19:00:27,569 [DEBUG] [MainThread] [systray_widget/systray.py:285]: Systray thread started
2025-08-25 19:00:27,769 [DEBUG] [TaskbarService] [systray_widget/tasks_service.py:81]: Adding TaskbandHWND prop to hwnd 66304
2025-08-25 19:00:27,769 [DEBUG] [TrayMonitor] [systray_widget/tray_monitor.py:228]: Finding real tray hwnd
2025-08-25 19:00:27,779 [DEBUG] [MainThread] [systray_widget/tray_monitor.py:154]: Sending TaskbarCreated message: 49356
2025-08-25 19:00:28,795 [DEBUG] [MainThread] [systray_widget/systray.py:473]: Re-sorting widgets
2025-08-25 19:00:28,795 [DEBUG] [MainThread] [systray_widget/systray.py:495]: Updating current state
2025-08-25 19:00:31,810 [DEBUG] [MainThread] [systray_widget/systray.py:473]: Re-sorting widgets
2025-08-25 19:00:31,810 [DEBUG] [MainThread] [systray_widget/systray.py:495]: Updating current state
2025-08-25 19:01:10,860 [DEBUG] [MainThread] [systray_widget/systray.py:473]: Re-sorting widgets
2025-08-25 19:01:10,860 [DEBUG] [MainThread] [systray_widget/systray.py:495]: Updating current state
2025-08-25 19:01:13,101 [DEBUG] [MainThread] [systray_widget/systray.py:473]: Re-sorting widgets
2025-08-25 19:01:13,101 [DEBUG] [MainThread] [systray_widget/systray.py:495]: Updating current state
2025-08-25 19:01:44,467 [DEBUG] [MainThread] [systray_widget/systray.py:473]: Re-sorting widgets
2025-08-25 19:01:44,467 [DEBUG] [MainThread] [systray_widget/systray.py:495]: Updating current state
2025-08-26 00:51:19,816 [DEBUG] [MainThread] [systray_widget/systray.py:495]: Updating current state
2025-08-26 00:51:19,816 [DEBUG] [MainThread] [systray_widget/systray.py:513]: Saving state to disk
2025-08-26 00:51:19,816 [DEBUG] [MainThread] [systray_widget/systray.py:517]: Saving state to C:\Users\Quoopie\AppData\Local\YASB\systray_state_GIGABYTETECHNOLOGYCOLTDG24F222440B001173.json
2025-08-26 00:51:19,828 [DEBUG] [MainThread] [qasync._windows._EventPoller/_windows.py:218]: Stopping worker thread...
2025-08-26 00:51:19,842 [DEBUG] [Dummy-6] [qasync._windows._EventWorker/_windows.py:201]: Exiting thread
2025-08-26 00:51:19,842 [DEBUG] [MainThread] [qasync._windows._IocpProactor/_windows.py:75]: Closing
2025-08-26 00:51:19,861 [DEBUG] [MainThread] [systray_widget/utils.py:96]: Destroying window 66306
2025-08-26 00:51:19,861 [DEBUG] [MainThread] [systray_widget/utils.py:96]: Destroying window 66304
2025-08-26 10:35:46,831 [INFO] [MainThread] [root/log.py:59]: YASB v1.8.0
2025-08-26 10:35:46,831 [INFO] [Thread-1 (_run_server)] [cli_server/cli_server.py:212]: CLI server started v1.1.2
2025-08-26 10:35:46,831 [INFO] [MainThread] [cli_server/cli_server.py:104]: Log pipe server started
2025-08-26 10:35:47,313 [DEBUG] [MainThread] [tzlocal/win32.py:55]: Looking up time zone info from registry
2025-08-26 10:35:49,644 [DEBUG] [MainThread] [comtypes/__init__.py:149]: CoInitializeEx(None, 2)
2025-08-26 10:35:50,885 [INFO] [MainThread] [root/watcher.py:54]: Created file watcher for path C:\Users\Quoopie\.config\yasb
2025-08-26 10:35:50,946 [DEBUG] [MainThread] [qasync._windows._EventPoller/_windows.py:213]: Starting (proactor: <_IocpProactor overlapped#=0 result#=0>)...
2025-08-26 10:35:50,947 [DEBUG] [Dummy-6] [qasync._windows._EventWorker/_windows.py:192]: Thread started
2025-08-26 10:35:50,949 [DEBUG] [MainThread] [systray_widget/systray.py:535]: Loading state from C:\Users\Quoopie\AppData\Local\YASB\systray_state_GIGABYTETECHNOLOGYCOLTDG24F222440B001173.json
2025-08-26 10:35:50,959 [DEBUG] [TrayMonitor] [systray_widget/systray.py:58]: Systray thread is starting...
2025-08-26 10:35:50,959 [DEBUG] [TaskbarService] [systray_widget/systray.py:72]: TaskbarService thread is starting...
2025-08-26 10:35:50,960 [DEBUG] [TaskbarService] [root/tasks_service.py:75]: Found yasb systray hwnd: 66456
2025-08-26 10:35:50,960 [DEBUG] [TaskbarService] [systray_widget/tasks_service.py:81]: Adding TaskbandHWND prop to hwnd 66456
2025-08-26 10:35:51,017 [DEBUG] [MainThread] [systray_widget/systray.py:285]: Systray thread started
2025-08-26 10:35:51,828 [DEBUG] [TaskbarService] [systray_widget/tasks_service.py:81]: Adding TaskbandHWND prop to hwnd 66456
2025-08-26 10:35:51,829 [DEBUG] [TrayMonitor] [systray_widget/tray_monitor.py:228]: Finding real tray hwnd
2025-08-26 10:35:51,837 [DEBUG] [MainThread] [systray_widget/tray_monitor.py:154]: Sending TaskbarCreated message: 49356
2025-08-26 10:35:52,849 [DEBUG] [MainThread] [systray_widget/systray.py:473]: Re-sorting widgets
2025-08-26 10:35:52,850 [DEBUG] [MainThread] [systray_widget/systray.py:495]: Updating current state
2025-08-26 10:35:56,154 [DEBUG] [MainThread] [systray_widget/systray.py:473]: Re-sorting widgets
2025-08-26 10:35:56,154 [DEBUG] [MainThread] [systray_widget/systray.py:495]: Updating current state
2025-08-26 10:35:59,690 [DEBUG] [MainThread] [systray_widget/systray.py:473]: Re-sorting widgets
2025-08-26 10:35:59,690 [DEBUG] [MainThread] [systray_widget/systray.py:495]: Updating current state
2025-08-26 10:45:47,876 [DEBUG] [MainThread] [systray_widget/systray.py:473]: Re-sorting widgets
2025-08-26 10:45:47,876 [DEBUG] [MainThread] [systray_widget/systray.py:495]: Updating current state
2025-08-26 10:57:44,434 [DEBUG] [MainThread] [systray_widget/systray.py:473]: Re-sorting widgets
2025-08-26 10:57:44,434 [DEBUG] [MainThread] [systray_widget/systray.py:495]: Updating current state
2025-08-26 10:57:47,016 [DEBUG] [MainThread] [systray_widget/systray.py:473]: Re-sorting widgets
2025-08-26 10:57:47,016 [DEBUG] [MainThread] [systray_widget/systray.py:495]: Updating current state
2025-08-26 11:12:03,141 [DEBUG] [MainThread] [systray_widget/systray.py:473]: Re-sorting widgets
2025-08-26 11:12:03,141 [DEBUG] [MainThread] [systray_widget/systray.py:495]: Updating current state
2025-08-26 11:44:27,824 [DEBUG] [MainThread] [systray_widget/systray.py:495]: Updating current state
2025-08-26 11:44:27,824 [DEBUG] [MainThread] [systray_widget/systray.py:513]: Saving state to disk
2025-08-26 11:44:27,824 [DEBUG] [MainThread] [systray_widget/systray.py:517]: Saving state to C:\Users\Quoopie\AppData\Local\YASB\systray_state_GIGABYTETECHNOLOGYCOLTDG24F222440B001173.json
2025-08-26 11:44:27,841 [DEBUG] [MainThread] [qasync._windows._EventPoller/_windows.py:218]: Stopping worker thread...
2025-08-26 11:44:27,852 [DEBUG] [Dummy-6] [qasync._windows._EventWorker/_windows.py:201]: Exiting thread
2025-08-26 11:44:27,852 [DEBUG] [MainThread] [qasync._windows._IocpProactor/_windows.py:75]: Closing
2025-08-26 11:44:27,882 [DEBUG] [MainThread] [systray_widget/utils.py:96]: Destroying window 66458
2025-08-26 11:44:27,882 [DEBUG] [MainThread] [systray_widget/utils.py:96]: Destroying window 66456
2025-08-26 15:00:20,995 [INFO] [MainThread] [root/log.py:59]: YASB v1.8.0
2025-08-26 15:00:20,995 [INFO] [Thread-1 (_run_server)] [cli_server/cli_server.py:212]: CLI server started v1.1.2
2025-08-26 15:00:20,995 [INFO] [MainThread] [cli_server/cli_server.py:104]: Log pipe server started
2025-08-26 15:00:21,450 [DEBUG] [MainThread] [tzlocal/win32.py:55]: Looking up time zone info from registry
2025-08-26 15:00:23,039 [DEBUG] [MainThread] [comtypes/__init__.py:149]: CoInitializeEx(None, 2)
2025-08-26 15:00:23,883 [INFO] [MainThread] [root/watcher.py:54]: Created file watcher for path C:\Users\Quoopie\.config\yasb
2025-08-26 15:00:23,955 [DEBUG] [MainThread] [qasync._windows._EventPoller/_windows.py:213]: Starting (proactor: <_IocpProactor overlapped#=0 result#=0>)...
2025-08-26 15:00:23,958 [DEBUG] [Dummy-6] [qasync._windows._EventWorker/_windows.py:192]: Thread started
2025-08-26 15:00:23,959 [DEBUG] [MainThread] [systray_widget/systray.py:535]: Loading state from C:\Users\Quoopie\AppData\Local\YASB\systray_state_GIGABYTETECHNOLOGYCOLTDG24F222440B001173.json
2025-08-26 15:00:23,962 [DEBUG] [TrayMonitor] [systray_widget/systray.py:58]: Systray thread is starting...
2025-08-26 15:00:23,964 [DEBUG] [TaskbarService] [systray_widget/systray.py:72]: TaskbarService thread is starting...
2025-08-26 15:00:23,965 [DEBUG] [TaskbarService] [root/tasks_service.py:75]: Found yasb systray hwnd: 66326
2025-08-26 15:00:23,965 [DEBUG] [TaskbarService] [systray_widget/tasks_service.py:81]: Adding TaskbandHWND prop to hwnd 66326
2025-08-26 15:00:24,020 [DEBUG] [MainThread] [systray_widget/systray.py:285]: Systray thread started
2025-08-26 15:00:24,221 [DEBUG] [TaskbarService] [systray_widget/tasks_service.py:81]: Adding TaskbandHWND prop to hwnd 66326
2025-08-26 15:00:24,221 [DEBUG] [TrayMonitor] [systray_widget/tray_monitor.py:228]: Finding real tray hwnd
2025-08-26 15:00:24,229 [DEBUG] [MainThread] [systray_widget/tray_monitor.py:154]: Sending TaskbarCreated message: 49356
2025-08-26 15:00:25,245 [DEBUG] [MainThread] [systray_widget/systray.py:473]: Re-sorting widgets
2025-08-26 15:00:25,246 [DEBUG] [MainThread] [systray_widget/systray.py:495]: Updating current state
2025-08-26 15:00:28,507 [DEBUG] [MainThread] [systray_widget/systray.py:473]: Re-sorting widgets
2025-08-26 15:00:28,507 [DEBUG] [MainThread] [systray_widget/systray.py:495]: Updating current state
2025-08-26 15:00:33,017 [DEBUG] [MainThread] [systray_widget/systray.py:473]: Re-sorting widgets
2025-08-26 15:00:33,017 [DEBUG] [MainThread] [systray_widget/systray.py:495]: Updating current state
2025-08-26 15:01:14,372 [DEBUG] [MainThread] [systray_widget/systray.py:473]: Re-sorting widgets
2025-08-26 15:01:14,372 [DEBUG] [MainThread] [systray_widget/systray.py:495]: Updating current state
2025-08-26 15:01:17,028 [DEBUG] [MainThread] [systray_widget/systray.py:473]: Re-sorting widgets
2025-08-26 15:01:17,028 [DEBUG] [MainThread] [systray_widget/systray.py:495]: Updating current state
2025-08-26 15:01:29,333 [DEBUG] [MainThread] [systray_widget/systray.py:473]: Re-sorting widgets
2025-08-26 15:01:29,333 [DEBUG] [MainThread] [systray_widget/systray.py:495]: Updating current state
2025-08-26 16:37:41,050 [DEBUG] [MainThread] [systray_widget/systray.py:495]: Updating current state
2025-08-26 16:37:41,050 [DEBUG] [MainThread] [systray_widget/systray.py:513]: Saving state to disk
2025-08-26 16:37:41,050 [DEBUG] [MainThread] [systray_widget/systray.py:517]: Saving state to C:\Users\Quoopie\AppData\Local\YASB\systray_state_GIGABYTETECHNOLOGYCOLTDG24F222440B001173.json
2025-08-26 16:37:41,050 [DEBUG] [MainThread] [qasync._windows._EventPoller/_windows.py:218]: Stopping worker thread...
2025-08-26 16:37:41,061 [DEBUG] [Dummy-6] [qasync._windows._EventWorker/_windows.py:201]: Exiting thread
2025-08-26 16:37:41,062 [DEBUG] [MainThread] [qasync._windows._IocpProactor/_windows.py:75]: Closing
2025-08-26 16:37:41,094 [DEBUG] [MainThread] [systray_widget/utils.py:96]: Destroying window 66328
2025-08-26 16:37:41,094 [DEBUG] [MainThread] [systray_widget/utils.py:96]: Destroying window 66326
2025-08-26 23:24:06,636 [INFO] [MainThread] [root/log.py:59]: YASB v1.8.0
2025-08-26 23:24:06,636 [INFO] [Thread-1 (_run_server)] [cli_server/cli_server.py:212]: CLI server started v1.1.2
2025-08-26 23:24:06,636 [INFO] [MainThread] [cli_server/cli_server.py:104]: Log pipe server started
2025-08-26 23:24:06,820 [DEBUG] [MainThread] [tzlocal/win32.py:55]: Looking up time zone info from registry
2025-08-26 23:24:06,937 [DEBUG] [MainThread] [comtypes/__init__.py:149]: CoInitializeEx(None, 2)
2025-08-26 23:24:07,707 [INFO] [MainThread] [root/watcher.py:54]: Created file watcher for path C:\Users\Quoopie\.config\yasb
2025-08-26 23:24:07,770 [DEBUG] [MainThread] [qasync._windows._EventPoller/_windows.py:213]: Starting (proactor: <_IocpProactor overlapped#=0 result#=0>)...
2025-08-26 23:24:07,778 [DEBUG] [Dummy-6] [qasync._windows._EventWorker/_windows.py:192]: Thread started
2025-08-26 23:24:07,779 [DEBUG] [MainThread] [systray_widget/systray.py:535]: Loading state from C:\Users\Quoopie\AppData\Local\YASB\systray_state_GIGABYTETECHNOLOGYCOLTDG24F222440B001173.json
2025-08-26 23:24:07,783 [DEBUG] [TrayMonitor] [systray_widget/systray.py:58]: Systray thread is starting...
2025-08-26 23:24:07,783 [DEBUG] [TaskbarService] [systray_widget/systray.py:72]: TaskbarService thread is starting...
2025-08-26 23:24:07,783 [DEBUG] [TaskbarService] [root/tasks_service.py:75]: Found yasb systray hwnd: 66290
2025-08-26 23:24:07,783 [DEBUG] [TaskbarService] [systray_widget/tasks_service.py:81]: Adding TaskbandHWND prop to hwnd 66290
2025-08-26 23:24:07,841 [DEBUG] [MainThread] [systray_widget/systray.py:285]: Systray thread started
2025-08-26 23:24:08,041 [DEBUG] [TaskbarService] [systray_widget/tasks_service.py:81]: Adding TaskbandHWND prop to hwnd 66290
2025-08-26 23:24:08,041 [DEBUG] [TrayMonitor] [systray_widget/tray_monitor.py:228]: Finding real tray hwnd
2025-08-26 23:24:08,054 [DEBUG] [MainThread] [systray_widget/tray_monitor.py:154]: Sending TaskbarCreated message: 49356
2025-08-26 23:24:09,070 [DEBUG] [MainThread] [systray_widget/systray.py:473]: Re-sorting widgets
2025-08-26 23:24:09,070 [DEBUG] [MainThread] [systray_widget/systray.py:495]: Updating current state
2025-08-26 23:24:11,258 [DEBUG] [MainThread] [systray_widget/systray.py:473]: Re-sorting widgets
2025-08-26 23:24:11,258 [DEBUG] [MainThread] [systray_widget/systray.py:495]: Updating current state
2025-08-26 23:24:18,895 [DEBUG] [MainThread] [systray_widget/systray.py:473]: Re-sorting widgets
2025-08-26 23:24:18,895 [DEBUG] [MainThread] [systray_widget/systray.py:495]: Updating current state
2025-08-26 23:24:28,050 [DEBUG] [MainThread] [systray_widget/systray.py:473]: Re-sorting widgets
2025-08-26 23:24:28,051 [DEBUG] [MainThread] [systray_widget/systray.py:495]: Updating current state
2025-08-26 23:24:31,000 [DEBUG] [MainThread] [systray_widget/systray.py:473]: Re-sorting widgets
2025-08-26 23:24:31,000 [DEBUG] [MainThread] [systray_widget/systray.py:495]: Updating current state
2025-08-26 23:25:15,661 [DEBUG] [MainThread] [systray_widget/systray.py:473]: Re-sorting widgets
2025-08-26 23:25:15,661 [DEBUG] [MainThread] [systray_widget/systray.py:495]: Updating current state
2025-08-27 01:13:30,591 [DEBUG] [MainThread] [systray_widget/systray.py:495]: Updating current state
2025-08-27 01:13:30,591 [DEBUG] [MainThread] [systray_widget/systray.py:513]: Saving state to disk
2025-08-27 01:13:30,591 [DEBUG] [MainThread] [systray_widget/systray.py:517]: Saving state to C:\Users\Quoopie\AppData\Local\YASB\systray_state_GIGABYTETECHNOLOGYCOLTDG24F222440B001173.json
2025-08-27 01:13:30,608 [DEBUG] [MainThread] [qasync._windows._EventPoller/_windows.py:218]: Stopping worker thread...
2025-08-27 01:13:30,617 [DEBUG] [Dummy-6] [qasync._windows._EventWorker/_windows.py:201]: Exiting thread
2025-08-27 01:13:30,617 [DEBUG] [MainThread] [qasync._windows._IocpProactor/_windows.py:75]: Closing
2025-08-27 01:13:30,649 [DEBUG] [MainThread] [systray_widget/utils.py:96]: Destroying window 66292
2025-08-27 01:13:30,649 [DEBUG] [MainThread] [systray_widget/utils.py:96]: Destroying window 66290
2025-08-27 09:41:56,095 [INFO] [MainThread] [root/log.py:59]: YASB v1.8.0
2025-08-27 09:41:56,100 [INFO] [Thread-1 (_run_server)] [cli_server/cli_server.py:212]: CLI server started v1.1.2
2025-08-27 09:41:56,100 [INFO] [MainThread] [cli_server/cli_server.py:104]: Log pipe server started
2025-08-27 09:41:56,601 [DEBUG] [MainThread] [tzlocal/win32.py:55]: Looking up time zone info from registry
2025-08-27 09:41:58,239 [DEBUG] [MainThread] [comtypes/__init__.py:149]: CoInitializeEx(None, 2)
2025-08-27 09:41:59,114 [INFO] [MainThread] [root/watcher.py:54]: Created file watcher for path C:\Users\Quoopie\.config\yasb
2025-08-27 09:41:59,175 [DEBUG] [MainThread] [qasync._windows._EventPoller/_windows.py:213]: Starting (proactor: <_IocpProactor overlapped#=0 result#=0>)...
2025-08-27 09:41:59,179 [DEBUG] [Dummy-6] [qasync._windows._EventWorker/_windows.py:192]: Thread started
2025-08-27 09:41:59,179 [DEBUG] [MainThread] [systray_widget/systray.py:535]: Loading state from C:\Users\Quoopie\AppData\Local\YASB\systray_state_GIGABYTETECHNOLOGYCOLTDG24F222440B001173.json
2025-08-27 09:41:59,184 [DEBUG] [TrayMonitor] [systray_widget/systray.py:58]: Systray thread is starting...
2025-08-27 09:41:59,184 [DEBUG] [TaskbarService] [systray_widget/systray.py:72]: TaskbarService thread is starting...
2025-08-27 09:41:59,184 [DEBUG] [TaskbarService] [root/tasks_service.py:75]: Found yasb systray hwnd: 197184
2025-08-27 09:41:59,184 [DEBUG] [TaskbarService] [systray_widget/tasks_service.py:81]: Adding TaskbandHWND prop to hwnd 197184
2025-08-27 09:41:59,238 [DEBUG] [MainThread] [systray_widget/systray.py:285]: Systray thread started
2025-08-27 09:41:59,439 [DEBUG] [TaskbarService] [systray_widget/tasks_service.py:81]: Adding TaskbandHWND prop to hwnd 197184
2025-08-27 09:41:59,439 [DEBUG] [TrayMonitor] [systray_widget/tray_monitor.py:228]: Finding real tray hwnd
2025-08-27 09:41:59,455 [DEBUG] [MainThread] [systray_widget/tray_monitor.py:154]: Sending TaskbarCreated message: 49356
2025-08-27 09:42:00,462 [DEBUG] [MainThread] [systray_widget/systray.py:473]: Re-sorting widgets
2025-08-27 09:42:00,462 [DEBUG] [MainThread] [systray_widget/systray.py:495]: Updating current state
2025-08-27 09:42:03,363 [DEBUG] [MainThread] [systray_widget/systray.py:473]: Re-sorting widgets
2025-08-27 09:42:03,363 [DEBUG] [MainThread] [systray_widget/systray.py:495]: Updating current state
2025-08-27 09:42:14,771 [DEBUG] [MainThread] [systray_widget/systray.py:473]: Re-sorting widgets
2025-08-27 09:42:14,771 [DEBUG] [MainThread] [systray_widget/systray.py:495]: Updating current state
2025-08-27 09:42:31,907 [DEBUG] [MainThread] [systray_widget/systray.py:473]: Re-sorting widgets
2025-08-27 09:42:31,907 [DEBUG] [MainThread] [systray_widget/systray.py:495]: Updating current state
2025-08-27 09:42:34,020 [DEBUG] [MainThread] [systray_widget/systray.py:473]: Re-sorting widgets
2025-08-27 09:42:34,020 [DEBUG] [MainThread] [systray_widget/systray.py:495]: Updating current state
2025-08-27 09:42:59,999 [DEBUG] [MainThread] [systray_widget/systray.py:473]: Re-sorting widgets
2025-08-27 09:42:59,999 [DEBUG] [MainThread] [systray_widget/systray.py:495]: Updating current state
2025-08-27 10:27:20,209 [DEBUG] [MainThread] [systray_widget/systray.py:495]: Updating current state
2025-08-27 10:27:20,209 [DEBUG] [MainThread] [systray_widget/systray.py:513]: Saving state to disk
2025-08-27 10:27:20,209 [DEBUG] [MainThread] [systray_widget/systray.py:517]: Saving state to C:\Users\Quoopie\AppData\Local\YASB\systray_state_GIGABYTETECHNOLOGYCOLTDG24F222440B001173.json
2025-08-27 10:27:20,218 [DEBUG] [MainThread] [qasync._windows._EventPoller/_windows.py:218]: Stopping worker thread...
2025-08-27 10:27:20,220 [DEBUG] [Dummy-6] [qasync._windows._EventWorker/_windows.py:201]: Exiting thread
2025-08-27 10:27:20,220 [DEBUG] [MainThread] [qasync._windows._IocpProactor/_windows.py:75]: Closing
2025-08-27 10:27:20,245 [DEBUG] [MainThread] [systray_widget/utils.py:96]: Destroying window 131552
2025-08-27 10:27:20,245 [DEBUG] [MainThread] [systray_widget/utils.py:96]: Destroying window 197184
2025-08-27 17:43:17,235 [INFO] [MainThread] [root/log.py:59]: YASB v1.8.0
2025-08-27 17:43:17,235 [INFO] [Thread-1 (_run_server)] [cli_server/cli_server.py:212]: CLI server started v1.1.2
2025-08-27 17:43:17,235 [INFO] [MainThread] [cli_server/cli_server.py:104]: Log pipe server started
2025-08-27 17:43:17,421 [DEBUG] [MainThread] [tzlocal/win32.py:55]: Looking up time zone info from registry
2025-08-27 17:43:17,542 [DEBUG] [MainThread] [comtypes/__init__.py:149]: CoInitializeEx(None, 2)
2025-08-27 17:43:18,345 [INFO] [MainThread] [root/watcher.py:54]: Created file watcher for path C:\Users\Quoopie\.config\yasb
2025-08-27 17:43:18,413 [DEBUG] [MainThread] [qasync._windows._EventPoller/_windows.py:213]: Starting (proactor: <_IocpProactor overlapped#=0 result#=0>)...
2025-08-27 17:43:18,417 [DEBUG] [Dummy-6] [qasync._windows._EventWorker/_windows.py:192]: Thread started
2025-08-27 17:43:18,421 [DEBUG] [MainThread] [systray_widget/systray.py:535]: Loading state from C:\Users\Quoopie\AppData\Local\YASB\systray_state_GIGABYTETECHNOLOGYCOLTDG24F222440B001173.json
2025-08-27 17:43:18,424 [DEBUG] [TrayMonitor] [systray_widget/systray.py:58]: Systray thread is starting...
2025-08-27 17:43:18,424 [DEBUG] [TaskbarService] [systray_widget/systray.py:72]: TaskbarService thread is starting...
2025-08-27 17:43:18,427 [DEBUG] [TaskbarService] [root/tasks_service.py:75]: Found yasb systray hwnd: 66330
2025-08-27 17:43:18,427 [DEBUG] [TaskbarService] [systray_widget/tasks_service.py:81]: Adding TaskbandHWND prop to hwnd 66330
2025-08-27 17:43:18,499 [DEBUG] [MainThread] [systray_widget/systray.py:285]: Systray thread started
2025-08-27 17:43:18,700 [DEBUG] [TaskbarService] [systray_widget/tasks_service.py:81]: Adding TaskbandHWND prop to hwnd 66330
2025-08-27 17:43:18,700 [DEBUG] [TrayMonitor] [systray_widget/tray_monitor.py:228]: Finding real tray hwnd
2025-08-27 17:43:18,712 [DEBUG] [MainThread] [systray_widget/tray_monitor.py:154]: Sending TaskbarCreated message: 49356
2025-08-27 17:43:19,997 [DEBUG] [MainThread] [systray_widget/systray.py:473]: Re-sorting widgets
2025-08-27 17:43:19,997 [DEBUG] [MainThread] [systray_widget/systray.py:495]: Updating current state
2025-08-27 17:43:27,509 [DEBUG] [MainThread] [systray_widget/systray.py:473]: Re-sorting widgets
2025-08-27 17:43:27,510 [DEBUG] [MainThread] [systray_widget/systray.py:495]: Updating current state
2025-08-27 17:43:58,164 [DEBUG] [MainThread] [systray_widget/systray.py:473]: Re-sorting widgets
2025-08-27 17:43:58,165 [DEBUG] [MainThread] [systray_widget/systray.py:495]: Updating current state
2025-08-27 17:44:01,067 [DEBUG] [MainThread] [systray_widget/systray.py:473]: Re-sorting widgets
2025-08-27 17:44:01,067 [DEBUG] [MainThread] [systray_widget/systray.py:495]: Updating current state
2025-08-27 17:44:05,598 [INFO] [MainThread] [root/bar.py:147]: Screen geometry changed. Updating position for bar (primary-bar_G24F 2_9e5fb7dc)
2025-08-27 17:44:07,561 [INFO] [MainThread] [root/bar.py:147]: Screen geometry changed. Updating position for bar (primary-bar_G24F 2_9e5fb7dc)
2025-08-27 17:44:24,445 [DEBUG] [MainThread] [systray_widget/systray.py:473]: Re-sorting widgets
2025-08-27 17:44:24,445 [DEBUG] [MainThread] [systray_widget/systray.py:495]: Updating current state
2025-08-27 17:44:30,803 [DEBUG] [MainThread] [systray_widget/systray.py:473]: Re-sorting widgets
2025-08-27 17:44:30,803 [DEBUG] [MainThread] [systray_widget/systray.py:495]: Updating current state
2025-08-27 17:44:39,483 [DEBUG] [MainThread] [systray_widget/systray.py:473]: Re-sorting widgets
2025-08-27 17:44:39,483 [DEBUG] [MainThread] [systray_widget/systray.py:495]: Updating current state
2025-08-27 17:44:53,995 [DEBUG] [MainThread] [systray_widget/systray.py:495]: Updating current state
2025-08-27 17:44:53,995 [DEBUG] [MainThread] [systray_widget/systray.py:513]: Saving state to disk
2025-08-27 17:44:53,995 [DEBUG] [MainThread] [systray_widget/systray.py:517]: Saving state to C:\Users\Quoopie\AppData\Local\YASB\systray_state_GIGABYTETECHNOLOGYCOLTDG24F222440B001173.json
2025-08-27 17:44:54,004 [DEBUG] [MainThread] [qasync._windows._EventPoller/_windows.py:218]: Stopping worker thread...
2025-08-27 17:44:54,015 [DEBUG] [Dummy-6] [qasync._windows._EventWorker/_windows.py:201]: Exiting thread
2025-08-27 17:44:54,016 [DEBUG] [MainThread] [qasync._windows._IocpProactor/_windows.py:75]: Closing
2025-08-27 17:44:54,050 [DEBUG] [MainThread] [systray_widget/utils.py:96]: Destroying window 66334
2025-08-27 17:44:54,050 [DEBUG] [MainThread] [systray_widget/utils.py:96]: Destroying window 66330
2025-08-27 17:45:48,964 [INFO] [MainThread] [root/log.py:59]: YASB v1.8.0
2025-08-27 17:45:48,964 [INFO] [Thread-1 (_run_server)] [cli_server/cli_server.py:212]: CLI server started v1.1.2
2025-08-27 17:45:48,964 [INFO] [MainThread] [cli_server/cli_server.py:104]: Log pipe server started
2025-08-27 17:45:49,408 [DEBUG] [MainThread] [tzlocal/win32.py:55]: Looking up time zone info from registry
2025-08-27 17:45:51,534 [DEBUG] [MainThread] [comtypes/__init__.py:149]: CoInitializeEx(None, 2)
2025-08-27 17:45:52,318 [INFO] [MainThread] [root/watcher.py:54]: Created file watcher for path C:\Users\Quoopie\.config\yasb
2025-08-27 17:45:52,391 [DEBUG] [MainThread] [qasync._windows._EventPoller/_windows.py:213]: Starting (proactor: <_IocpProactor overlapped#=0 result#=0>)...
2025-08-27 17:45:52,391 [DEBUG] [Dummy-6] [qasync._windows._EventWorker/_windows.py:192]: Thread started
2025-08-27 17:45:52,391 [DEBUG] [MainThread] [systray_widget/systray.py:535]: Loading state from C:\Users\Quoopie\AppData\Local\YASB\systray_state_GIGABYTETECHNOLOGYCOLTDG24F222440B001173.json
2025-08-27 17:45:52,399 [DEBUG] [TrayMonitor] [systray_widget/systray.py:58]: Systray thread is starting...
2025-08-27 17:45:52,399 [DEBUG] [TaskbarService] [systray_widget/systray.py:72]: TaskbarService thread is starting...
2025-08-27 17:45:52,407 [DEBUG] [TaskbarService] [root/tasks_service.py:75]: Found yasb systray hwnd: 66374
2025-08-27 17:45:52,407 [DEBUG] [TaskbarService] [systray_widget/tasks_service.py:81]: Adding TaskbandHWND prop to hwnd 66374
2025-08-27 17:45:52,423 [DEBUG] [MainThread] [systray_widget/systray.py:285]: Systray thread started
2025-08-27 17:45:52,624 [DEBUG] [TaskbarService] [systray_widget/tasks_service.py:81]: Adding TaskbandHWND prop to hwnd 66374
2025-08-27 17:45:52,624 [DEBUG] [TrayMonitor] [systray_widget/tray_monitor.py:228]: Finding real tray hwnd
2025-08-27 17:45:52,631 [DEBUG] [MainThread] [systray_widget/tray_monitor.py:154]: Sending TaskbarCreated message: 49228
2025-08-27 17:45:53,657 [DEBUG] [MainThread] [systray_widget/systray.py:473]: Re-sorting widgets
2025-08-27 17:45:53,657 [DEBUG] [MainThread] [systray_widget/systray.py:495]: Updating current state
2025-08-27 17:46:01,114 [DEBUG] [MainThread] [systray_widget/systray.py:473]: Re-sorting widgets
2025-08-27 17:46:01,114 [DEBUG] [MainThread] [systray_widget/systray.py:495]: Updating current state
2025-08-27 17:46:48,205 [DEBUG] [MainThread] [systray_widget/systray.py:473]: Re-sorting widgets
2025-08-27 17:46:48,205 [DEBUG] [MainThread] [systray_widget/systray.py:495]: Updating current state
2025-08-27 17:46:51,081 [DEBUG] [MainThread] [systray_widget/systray.py:473]: Re-sorting widgets
2025-08-27 17:46:51,081 [DEBUG] [MainThread] [systray_widget/systray.py:495]: Updating current state
2025-08-27 17:47:39,429 [DEBUG] [MainThread] [systray_widget/systray.py:473]: Re-sorting widgets
2025-08-27 17:47:39,429 [DEBUG] [MainThread] [systray_widget/systray.py:495]: Updating current state
2025-08-27 18:52:22,042 [DEBUG] [MainThread] [systray_widget/systray.py:473]: Re-sorting widgets
2025-08-27 18:52:22,042 [DEBUG] [MainThread] [systray_widget/systray.py:495]: Updating current state
2025-08-27 18:52:32,371 [DEBUG] [MainThread] [systray_widget/systray.py:473]: Re-sorting widgets
2025-08-27 18:52:32,371 [DEBUG] [MainThread] [systray_widget/systray.py:495]: Updating current state
2025-08-27 19:46:02,506 [DEBUG] [MainThread] [systray_widget/systray.py:473]: Re-sorting widgets
2025-08-27 19:46:02,506 [DEBUG] [MainThread] [systray_widget/systray.py:495]: Updating current state
2025-08-27 19:51:09,771 [DEBUG] [MainThread] [systray_widget/systray.py:473]: Re-sorting widgets
2025-08-27 19:51:09,771 [DEBUG] [MainThread] [systray_widget/systray.py:495]: Updating current state
2025-08-27 20:10:08,779 [INFO] [MainThread] [root/bar.py:147]: Screen geometry changed. Updating position for bar (primary-bar_G24F 2_f00f1979)
2025-08-27 20:11:02,482 [INFO] [MainThread] [root/bar.py:147]: Screen geometry changed. Updating position for bar (primary-bar_G24F 2_f00f1979)
2025-08-27 20:11:31,142 [INFO] [MainThread] [root/bar.py:147]: Screen geometry changed. Updating position for bar (primary-bar_G24F 2_f00f1979)
2025-08-27 20:31:50,305 [DEBUG] [MainThread] [systray_widget/systray.py:495]: Updating current state
2025-08-27 20:31:50,305 [DEBUG] [MainThread] [systray_widget/systray.py:513]: Saving state to disk
2025-08-27 20:31:50,305 [DEBUG] [MainThread] [systray_widget/systray.py:517]: Saving state to C:\Users\Quoopie\AppData\Local\YASB\systray_state_GIGABYTETECHNOLOGYCOLTDG24F222440B001173.json
2025-08-27 20:31:50,329 [DEBUG] [MainThread] [qasync._windows._EventPoller/_windows.py:218]: Stopping worker thread...
2025-08-27 20:31:50,337 [DEBUG] [Dummy-6] [qasync._windows._EventWorker/_windows.py:201]: Exiting thread
2025-08-27 20:31:50,337 [DEBUG] [MainThread] [qasync._windows._IocpProactor/_windows.py:75]: Closing
2025-08-27 20:31:50,352 [DEBUG] [MainThread] [systray_widget/utils.py:96]: Destroying window 66376
2025-08-27 20:31:50,352 [DEBUG] [MainThread] [systray_widget/utils.py:96]: Destroying window 66374
2025-08-27 23:39:50,014 [INFO] [MainThread] [root/log.py:59]: YASB v1.8.0
2025-08-27 23:39:50,014 [INFO] [Thread-1 (_run_server)] [cli_server/cli_server.py:212]: CLI server started v1.1.2
2025-08-27 23:39:50,014 [INFO] [MainThread] [cli_server/cli_server.py:104]: Log pipe server started
2025-08-27 23:39:50,485 [DEBUG] [MainThread] [tzlocal/win32.py:55]: Looking up time zone info from registry
2025-08-27 23:39:52,106 [DEBUG] [MainThread] [comtypes/__init__.py:149]: CoInitializeEx(None, 2)
2025-08-27 23:39:53,202 [INFO] [MainThread] [root/watcher.py:54]: Created file watcher for path C:\Users\Quoopie\.config\yasb
2025-08-27 23:39:53,261 [DEBUG] [MainThread] [qasync._windows._EventPoller/_windows.py:213]: Starting (proactor: <_IocpProactor overlapped#=0 result#=0>)...
2025-08-27 23:39:53,261 [DEBUG] [Dummy-6] [qasync._windows._EventWorker/_windows.py:192]: Thread started
2025-08-27 23:39:53,261 [DEBUG] [MainThread] [systray_widget/systray.py:535]: Loading state from C:\Users\Quoopie\AppData\Local\YASB\systray_state_GIGABYTETECHNOLOGYCOLTDG24F222440B001173.json
2025-08-27 23:39:53,261 [DEBUG] [TrayMonitor] [systray_widget/systray.py:58]: Systray thread is starting...
2025-08-27 23:39:53,261 [DEBUG] [TaskbarService] [systray_widget/systray.py:72]: TaskbarService thread is starting...
2025-08-27 23:39:53,271 [DEBUG] [TaskbarService] [root/tasks_service.py:75]: Found yasb systray hwnd: 66458
2025-08-27 23:39:53,271 [DEBUG] [TaskbarService] [systray_widget/tasks_service.py:81]: Adding TaskbandHWND prop to hwnd 66458
2025-08-27 23:39:53,323 [DEBUG] [MainThread] [systray_widget/systray.py:285]: Systray thread started
2025-08-27 23:39:53,352 [WARNING] [Thread-5 (check_for_update)] [root/update_check.py:50]: UpdateCheckService Failed to check for updates: Network error.
2025-08-27 23:39:54,153 [DEBUG] [TaskbarService] [systray_widget/tasks_service.py:81]: Adding TaskbandHWND prop to hwnd 66458
2025-08-27 23:39:54,158 [DEBUG] [TrayMonitor] [systray_widget/tray_monitor.py:228]: Finding real tray hwnd
2025-08-27 23:39:54,167 [DEBUG] [MainThread] [systray_widget/tray_monitor.py:154]: Sending TaskbarCreated message: 49356
2025-08-27 23:39:55,192 [DEBUG] [MainThread] [systray_widget/systray.py:473]: Re-sorting widgets
2025-08-27 23:39:55,192 [DEBUG] [MainThread] [systray_widget/systray.py:495]: Updating current state
2025-08-28 00:55:26,541 [DEBUG] [MainThread] [systray_widget/systray.py:495]: Updating current state
2025-08-28 00:55:26,541 [DEBUG] [MainThread] [systray_widget/systray.py:513]: Saving state to disk
2025-08-28 00:55:26,541 [DEBUG] [MainThread] [systray_widget/systray.py:517]: Saving state to C:\Users\Quoopie\AppData\Local\YASB\systray_state_GIGABYTETECHNOLOGYCOLTDG24F222440B001173.json
2025-08-28 00:55:26,549 [DEBUG] [MainThread] [qasync._windows._EventPoller/_windows.py:218]: Stopping worker thread...
2025-08-28 00:55:26,553 [DEBUG] [Dummy-6] [qasync._windows._EventWorker/_windows.py:201]: Exiting thread
2025-08-28 00:55:26,553 [DEBUG] [MainThread] [qasync._windows._IocpProactor/_windows.py:75]: Closing
2025-08-28 00:55:26,578 [DEBUG] [MainThread] [systray_widget/utils.py:96]: Destroying window 394120
2025-08-28 00:55:26,578 [DEBUG] [MainThread] [systray_widget/utils.py:96]: Destroying window 66458
2025-08-28 10:38:00,044 [INFO] [MainThread] [root/log.py:59]: YASB v1.8.0
2025-08-28 10:38:00,044 [INFO] [Thread-1 (_run_server)] [cli_server/cli_server.py:212]: CLI server started v1.1.2
2025-08-28 10:38:00,044 [INFO] [MainThread] [cli_server/cli_server.py:104]: Log pipe server started
2025-08-28 10:38:00,218 [DEBUG] [MainThread] [tzlocal/win32.py:55]: Looking up time zone info from registry
2025-08-28 10:38:00,376 [DEBUG] [MainThread] [comtypes/__init__.py:149]: CoInitializeEx(None, 2)
2025-08-28 10:38:00,945 [INFO] [MainThread] [root/watcher.py:54]: Created file watcher for path C:\Users\Quoopie\.config\yasb
2025-08-28 10:38:01,005 [DEBUG] [MainThread] [qasync._windows._EventPoller/_windows.py:213]: Starting (proactor: <_IocpProactor overlapped#=0 result#=0>)...
2025-08-28 10:38:01,009 [DEBUG] [Dummy-6] [qasync._windows._EventWorker/_windows.py:192]: Thread started
2025-08-28 10:38:01,009 [DEBUG] [MainThread] [systray_widget/systray.py:535]: Loading state from C:\Users\Quoopie\AppData\Local\YASB\systray_state_GIGABYTETECHNOLOGYCOLTDG24F222440B001173.json
2025-08-28 10:38:01,012 [DEBUG] [TrayMonitor] [systray_widget/systray.py:58]: Systray thread is starting...
2025-08-28 10:38:01,012 [DEBUG] [TaskbarService] [systray_widget/systray.py:72]: TaskbarService thread is starting...
2025-08-28 10:38:01,012 [DEBUG] [TaskbarService] [root/tasks_service.py:75]: Found yasb systray hwnd: 196788
2025-08-28 10:38:01,012 [DEBUG] [TaskbarService] [systray_widget/tasks_service.py:81]: Adding TaskbandHWND prop to hwnd 196788
2025-08-28 10:38:01,073 [DEBUG] [MainThread] [systray_widget/systray.py:285]: Systray thread started
2025-08-28 10:38:01,274 [DEBUG] [TaskbarService] [systray_widget/tasks_service.py:81]: Adding TaskbandHWND prop to hwnd 196788
2025-08-28 10:38:01,274 [DEBUG] [TrayMonitor] [systray_widget/tray_monitor.py:228]: Finding real tray hwnd
2025-08-28 10:38:01,286 [DEBUG] [MainThread] [systray_widget/tray_monitor.py:154]: Sending TaskbarCreated message: 49356
2025-08-28 10:38:02,300 [DEBUG] [MainThread] [systray_widget/systray.py:473]: Re-sorting widgets
2025-08-28 10:38:02,300 [DEBUG] [MainThread] [systray_widget/systray.py:495]: Updating current state
2025-08-28 10:38:03,922 [DEBUG] [MainThread] [systray_widget/systray.py:473]: Re-sorting widgets
2025-08-28 10:38:03,922 [DEBUG] [MainThread] [systray_widget/systray.py:495]: Updating current state
2025-08-28 10:38:11,105 [WARNING] [Thread-5 (check_for_update)] [root/update_check.py:50]: UpdateCheckService Failed to check for updates: Network error.
2025-08-28 10:47:44,577 [DEBUG] [MainThread] [systray_widget/systray.py:473]: Re-sorting widgets
2025-08-28 10:47:44,578 [DEBUG] [MainThread] [systray_widget/systray.py:495]: Updating current state
2025-08-28 10:47:47,052 [DEBUG] [MainThread] [systray_widget/systray.py:473]: Re-sorting widgets
2025-08-28 10:47:47,052 [DEBUG] [MainThread] [systray_widget/systray.py:495]: Updating current state
2025-08-28 10:48:24,725 [DEBUG] [MainThread] [systray_widget/systray.py:473]: Re-sorting widgets
2025-08-28 10:48:24,725 [DEBUG] [MainThread] [systray_widget/systray.py:495]: Updating current state
2025-08-28 11:28:15,375 [DEBUG] [MainThread] [systray_widget/systray.py:495]: Updating current state
2025-08-28 11:28:15,375 [DEBUG] [MainThread] [systray_widget/systray.py:513]: Saving state to disk
2025-08-28 11:28:15,375 [DEBUG] [MainThread] [systray_widget/systray.py:517]: Saving state to C:\Users\Quoopie\AppData\Local\YASB\systray_state_GIGABYTETECHNOLOGYCOLTDG24F222440B001173.json
2025-08-28 11:28:15,398 [DEBUG] [MainThread] [qasync._windows._EventPoller/_windows.py:218]: Stopping worker thread...
2025-08-28 11:28:15,400 [DEBUG] [Dummy-6] [qasync._windows._EventWorker/_windows.py:201]: Exiting thread
2025-08-28 11:28:15,400 [DEBUG] [MainThread] [qasync._windows._IocpProactor/_windows.py:75]: Closing
2025-08-28 11:28:15,427 [DEBUG] [MainThread] [systray_widget/utils.py:96]: Destroying window 196790
2025-08-28 11:28:15,427 [DEBUG] [MainThread] [systray_widget/utils.py:96]: Destroying window 196788
2025-08-28 23:03:42,626 [INFO] [MainThread] [root/log.py:59]: YASB v1.8.0
2025-08-28 23:03:42,626 [INFO] [Thread-1 (_run_server)] [cli_server/cli_server.py:212]: CLI server started v1.1.2
2025-08-28 23:03:42,626 [INFO] [MainThread] [cli_server/cli_server.py:104]: Log pipe server started
2025-08-28 23:03:43,021 [DEBUG] [MainThread] [tzlocal/win32.py:55]: Looking up time zone info from registry
2025-08-28 23:03:44,538 [DEBUG] [MainThread] [comtypes/__init__.py:149]: CoInitializeEx(None, 2)
2025-08-28 23:03:45,314 [INFO] [MainThread] [root/watcher.py:54]: Created file watcher for path C:\Users\Quoopie\.config\yasb
2025-08-28 23:03:45,379 [DEBUG] [MainThread] [qasync._windows._EventPoller/_windows.py:213]: Starting (proactor: <_IocpProactor overlapped#=0 result#=0>)...
2025-08-28 23:03:45,384 [DEBUG] [Dummy-6] [qasync._windows._EventWorker/_windows.py:192]: Thread started
2025-08-28 23:03:45,384 [DEBUG] [MainThread] [systray_widget/systray.py:535]: Loading state from C:\Users\Quoopie\AppData\Local\YASB\systray_state_GIGABYTETECHNOLOGYCOLTDG24F222440B001173.json
2025-08-28 23:03:45,388 [DEBUG] [TrayMonitor] [systray_widget/systray.py:58]: Systray thread is starting...
2025-08-28 23:03:45,388 [DEBUG] [TaskbarService] [systray_widget/systray.py:72]: TaskbarService thread is starting...
2025-08-28 23:03:45,391 [DEBUG] [TaskbarService] [root/tasks_service.py:75]: Found yasb systray hwnd: 66390
2025-08-28 23:03:45,391 [DEBUG] [TaskbarService] [systray_widget/tasks_service.py:81]: Adding TaskbandHWND prop to hwnd 66390
2025-08-28 23:03:45,460 [DEBUG] [MainThread] [systray_widget/systray.py:285]: Systray thread started
2025-08-28 23:03:45,660 [DEBUG] [TaskbarService] [systray_widget/tasks_service.py:81]: Adding TaskbandHWND prop to hwnd 66390
2025-08-28 23:03:45,660 [DEBUG] [TrayMonitor] [systray_widget/tray_monitor.py:228]: Finding real tray hwnd
2025-08-28 23:03:45,669 [DEBUG] [MainThread] [systray_widget/tray_monitor.py:154]: Sending TaskbarCreated message: 49356
2025-08-28 23:03:46,764 [DEBUG] [MainThread] [systray_widget/systray.py:473]: Re-sorting widgets
2025-08-28 23:03:46,764 [DEBUG] [MainThread] [systray_widget/systray.py:495]: Updating current state
2025-08-28 23:04:23,690 [DEBUG] [MainThread] [systray_widget/systray.py:473]: Re-sorting widgets
2025-08-28 23:04:23,690 [DEBUG] [MainThread] [systray_widget/systray.py:495]: Updating current state
2025-08-28 23:08:10,048 [DEBUG] [MainThread] [systray_widget/systray.py:473]: Re-sorting widgets
2025-08-28 23:08:10,049 [DEBUG] [MainThread] [systray_widget/systray.py:495]: Updating current state
2025-08-28 23:30:43,980 [DEBUG] [MainThread] [systray_widget/systray.py:473]: Re-sorting widgets
2025-08-28 23:30:43,980 [DEBUG] [MainThread] [systray_widget/systray.py:495]: Updating current state
2025-08-28 23:30:46,023 [DEBUG] [MainThread] [systray_widget/systray.py:473]: Re-sorting widgets
2025-08-28 23:30:46,023 [DEBUG] [MainThread] [systray_widget/systray.py:495]: Updating current state
2025-08-28 23:31:57,257 [DEBUG] [MainThread] [systray_widget/systray.py:473]: Re-sorting widgets
2025-08-28 23:31:57,257 [DEBUG] [MainThread] [systray_widget/systray.py:495]: Updating current state
2025-08-29 01:48:04,344 [DEBUG] [MainThread] [systray_widget/systray.py:495]: Updating current state
2025-08-29 01:48:04,344 [DEBUG] [MainThread] [systray_widget/systray.py:513]: Saving state to disk
2025-08-29 01:48:04,344 [DEBUG] [MainThread] [systray_widget/systray.py:517]: Saving state to C:\Users\Quoopie\AppData\Local\YASB\systray_state_GIGABYTETECHNOLOGYCOLTDG24F222440B001173.json
2025-08-29 01:48:04,359 [DEBUG] [MainThread] [qasync._windows._EventPoller/_windows.py:218]: Stopping worker thread...
2025-08-29 01:48:04,370 [DEBUG] [Dummy-6] [qasync._windows._EventWorker/_windows.py:201]: Exiting thread
2025-08-29 01:48:04,371 [DEBUG] [MainThread] [qasync._windows._IocpProactor/_windows.py:75]: Closing
2025-08-29 01:48:04,399 [DEBUG] [MainThread] [systray_widget/utils.py:96]: Destroying window 66394
2025-08-29 01:48:04,399 [DEBUG] [MainThread] [systray_widget/utils.py:96]: Destroying window 66390
2025-08-29 10:14:55,122 [INFO] [MainThread] [root/log.py:59]: YASB v1.8.0
2025-08-29 10:14:55,122 [INFO] [Thread-1 (_run_server)] [cli_server/cli_server.py:212]: CLI server started v1.1.2
2025-08-29 10:14:55,122 [INFO] [MainThread] [cli_server/cli_server.py:104]: Log pipe server started
2025-08-29 10:14:55,538 [DEBUG] [MainThread] [tzlocal/win32.py:55]: Looking up time zone info from registry
2025-08-29 10:14:57,648 [DEBUG] [MainThread] [comtypes/__init__.py:149]: CoInitializeEx(None, 2)
2025-08-29 10:14:58,677 [INFO] [MainThread] [root/watcher.py:54]: Created file watcher for path C:\Users\Quoopie\.config\yasb
2025-08-29 10:14:58,740 [DEBUG] [MainThread] [qasync._windows._EventPoller/_windows.py:213]: Starting (proactor: <_IocpProactor overlapped#=0 result#=0>)...
2025-08-29 10:14:58,741 [DEBUG] [Dummy-6] [qasync._windows._EventWorker/_windows.py:192]: Thread started
2025-08-29 10:14:58,745 [DEBUG] [MainThread] [systray_widget/systray.py:535]: Loading state from C:\Users\Quoopie\AppData\Local\YASB\systray_state_GIGABYTETECHNOLOGYCOLTDG24F222440B001173.json
2025-08-29 10:14:58,746 [DEBUG] [TrayMonitor] [systray_widget/systray.py:58]: Systray thread is starting...
2025-08-29 10:14:58,746 [DEBUG] [TaskbarService] [systray_widget/systray.py:72]: TaskbarService thread is starting...
2025-08-29 10:14:58,749 [DEBUG] [TaskbarService] [root/tasks_service.py:75]: Found yasb systray hwnd: 66476
2025-08-29 10:14:58,749 [DEBUG] [TaskbarService] [systray_widget/tasks_service.py:81]: Adding TaskbandHWND prop to hwnd 66476
2025-08-29 10:14:58,833 [DEBUG] [MainThread] [systray_widget/systray.py:285]: Systray thread started
2025-08-29 10:14:59,033 [DEBUG] [TaskbarService] [systray_widget/tasks_service.py:81]: Adding TaskbandHWND prop to hwnd 66476
2025-08-29 10:14:59,033 [DEBUG] [TrayMonitor] [systray_widget/tray_monitor.py:228]: Finding real tray hwnd
2025-08-29 10:14:59,045 [DEBUG] [MainThread] [systray_widget/tray_monitor.py:154]: Sending TaskbarCreated message: 49356
2025-08-29 10:15:00,764 [DEBUG] [MainThread] [systray_widget/systray.py:473]: Re-sorting widgets
2025-08-29 10:15:00,765 [DEBUG] [MainThread] [systray_widget/systray.py:495]: Updating current state
2025-08-29 10:15:09,277 [DEBUG] [MainThread] [systray_widget/systray.py:473]: Re-sorting widgets
2025-08-29 10:15:09,277 [DEBUG] [MainThread] [systray_widget/systray.py:495]: Updating current state
2025-08-29 10:16:37,334 [DEBUG] [MainThread] [systray_widget/systray.py:495]: Updating current state
2025-08-29 10:16:37,334 [DEBUG] [MainThread] [systray_widget/systray.py:513]: Saving state to disk
2025-08-29 10:16:37,334 [DEBUG] [MainThread] [systray_widget/systray.py:517]: Saving state to C:\Users\Quoopie\AppData\Local\YASB\systray_state_GIGABYTETECHNOLOGYCOLTDG24F222440B001173.json
2025-08-29 10:16:37,344 [DEBUG] [MainThread] [qasync._windows._EventPoller/_windows.py:218]: Stopping worker thread...
2025-08-29 10:16:37,350 [DEBUG] [Dummy-6] [qasync._windows._EventWorker/_windows.py:201]: Exiting thread
2025-08-29 10:16:37,350 [DEBUG] [MainThread] [qasync._windows._IocpProactor/_windows.py:75]: Closing
2025-08-29 10:16:37,371 [DEBUG] [MainThread] [systray_widget/utils.py:96]: Destroying window 66480
2025-08-29 10:16:37,371 [DEBUG] [MainThread] [systray_widget/utils.py:96]: Destroying window 66476
2025-08-29 10:55:07,779 [INFO] [MainThread] [root/log.py:59]: YASB v1.8.0
2025-08-29 10:55:07,786 [INFO] [Thread-1 (_run_server)] [cli_server/cli_server.py:212]: CLI server started v1.1.2
2025-08-29 10:55:07,786 [INFO] [MainThread] [cli_server/cli_server.py:104]: Log pipe server started
2025-08-29 10:55:07,902 [DEBUG] [MainThread] [tzlocal/win32.py:55]: Looking up time zone info from registry
2025-08-29 10:55:07,998 [DEBUG] [MainThread] [comtypes/__init__.py:149]: CoInitializeEx(None, 2)
2025-08-29 10:55:08,520 [INFO] [MainThread] [root/watcher.py:54]: Created file watcher for path C:\Users\Quoopie\.config\yasb
2025-08-29 10:55:08,568 [DEBUG] [MainThread] [qasync._windows._EventPoller/_windows.py:213]: Starting (proactor: <_IocpProactor overlapped#=0 result#=0>)...
2025-08-29 10:55:08,582 [DEBUG] [Dummy-6] [qasync._windows._EventWorker/_windows.py:192]: Thread started
2025-08-29 10:55:08,584 [DEBUG] [MainThread] [systray_widget/systray.py:535]: Loading state from C:\Users\Quoopie\AppData\Local\YASB\systray_state_GIGABYTETECHNOLOGYCOLTDG24F222440B001173.json
2025-08-29 10:55:08,584 [DEBUG] [TrayMonitor] [systray_widget/systray.py:58]: Systray thread is starting...
2025-08-29 10:55:08,584 [DEBUG] [TaskbarService] [systray_widget/systray.py:72]: TaskbarService thread is starting...
2025-08-29 10:55:08,584 [DEBUG] [TaskbarService] [root/tasks_service.py:75]: Found yasb systray hwnd: 393906
2025-08-29 10:55:08,584 [DEBUG] [TaskbarService] [systray_widget/tasks_service.py:81]: Adding TaskbandHWND prop to hwnd 393906
2025-08-29 10:55:08,649 [DEBUG] [MainThread] [systray_widget/systray.py:285]: Systray thread started
2025-08-29 10:55:08,850 [DEBUG] [TaskbarService] [systray_widget/tasks_service.py:81]: Adding TaskbandHWND prop to hwnd 393906
2025-08-29 10:55:08,850 [DEBUG] [TrayMonitor] [systray_widget/tray_monitor.py:228]: Finding real tray hwnd
2025-08-29 10:55:08,861 [DEBUG] [MainThread] [systray_widget/tray_monitor.py:154]: Sending TaskbarCreated message: 49356
2025-08-29 10:55:09,863 [DEBUG] [MainThread] [systray_widget/systray.py:473]: Re-sorting widgets
2025-08-29 10:55:09,863 [DEBUG] [MainThread] [systray_widget/systray.py:495]: Updating current state
2025-08-29 10:55:11,403 [DEBUG] [MainThread] [systray_widget/systray.py:473]: Re-sorting widgets
2025-08-29 10:55:11,403 [DEBUG] [MainThread] [systray_widget/systray.py:495]: Updating current state
2025-08-29 10:55:21,744 [DEBUG] [MainThread] [systray_widget/systray.py:473]: Re-sorting widgets
2025-08-29 10:55:21,744 [DEBUG] [MainThread] [systray_widget/systray.py:495]: Updating current state
2025-08-29 11:02:02,593 [DEBUG] [MainThread] [systray_widget/systray.py:473]: Re-sorting widgets
2025-08-29 11:02:02,593 [DEBUG] [MainThread] [systray_widget/systray.py:495]: Updating current state
2025-08-29 11:02:05,092 [DEBUG] [MainThread] [systray_widget/systray.py:473]: Re-sorting widgets
2025-08-29 11:02:05,092 [DEBUG] [MainThread] [systray_widget/systray.py:495]: Updating current state
2025-08-29 11:02:41,557 [DEBUG] [MainThread] [systray_widget/systray.py:473]: Re-sorting widgets
2025-08-29 11:02:41,557 [DEBUG] [MainThread] [systray_widget/systray.py:495]: Updating current state
2025-08-29 12:43:59,240 [DEBUG] [MainThread] [systray_widget/systray.py:495]: Updating current state
2025-08-29 12:43:59,240 [DEBUG] [MainThread] [systray_widget/systray.py:513]: Saving state to disk
2025-08-29 12:43:59,240 [DEBUG] [MainThread] [systray_widget/systray.py:517]: Saving state to C:\Users\Quoopie\AppData\Local\YASB\systray_state_GIGABYTETECHNOLOGYCOLTDG24F222440B001173.json
2025-08-29 12:43:59,257 [DEBUG] [MainThread] [qasync._windows._EventPoller/_windows.py:218]: Stopping worker thread...
2025-08-29 12:43:59,269 [DEBUG] [Dummy-6] [qasync._windows._EventWorker/_windows.py:201]: Exiting thread
2025-08-29 12:43:59,270 [DEBUG] [MainThread] [qasync._windows._IocpProactor/_windows.py:75]: Closing
2025-08-29 12:43:59,297 [DEBUG] [MainThread] [systray_widget/utils.py:96]: Destroying window 393924
2025-08-29 12:43:59,297 [DEBUG] [MainThread] [systray_widget/utils.py:96]: Destroying window 393906
2025-08-29 13:36:52,412 [INFO] [MainThread] [root/log.py:59]: YASB v1.8.0
2025-08-29 13:36:52,412 [INFO] [Thread-1 (_run_server)] [cli_server/cli_server.py:212]: CLI server started v1.1.2
2025-08-29 13:36:52,412 [INFO] [MainThread] [cli_server/cli_server.py:104]: Log pipe server started
2025-08-29 13:36:52,547 [DEBUG] [MainThread] [tzlocal/win32.py:55]: Looking up time zone info from registry
2025-08-29 13:36:52,644 [DEBUG] [MainThread] [comtypes/__init__.py:149]: CoInitializeEx(None, 2)
2025-08-29 13:36:53,279 [INFO] [MainThread] [root/watcher.py:54]: Created file watcher for path C:\Users\Quoopie\.config\yasb
2025-08-29 13:36:53,344 [DEBUG] [MainThread] [qasync._windows._EventPoller/_windows.py:213]: Starting (proactor: <_IocpProactor overlapped#=0 result#=0>)...
2025-08-29 13:36:53,344 [DEBUG] [Dummy-6] [qasync._windows._EventWorker/_windows.py:192]: Thread started
2025-08-29 13:36:53,347 [DEBUG] [MainThread] [systray_widget/systray.py:535]: Loading state from C:\Users\Quoopie\AppData\Local\YASB\systray_state_GIGABYTETECHNOLOGYCOLTDG24F222440B001173.json
2025-08-29 13:36:53,347 [DEBUG] [TrayMonitor] [systray_widget/systray.py:58]: Systray thread is starting...
2025-08-29 13:36:53,347 [DEBUG] [TaskbarService] [systray_widget/systray.py:72]: TaskbarService thread is starting...
2025-08-29 13:36:53,353 [DEBUG] [TaskbarService] [root/tasks_service.py:75]: Found yasb systray hwnd: 66362
2025-08-29 13:36:53,353 [DEBUG] [TaskbarService] [systray_widget/tasks_service.py:81]: Adding TaskbandHWND prop to hwnd 66362
2025-08-29 13:36:53,415 [DEBUG] [MainThread] [systray_widget/systray.py:285]: Systray thread started
2025-08-29 13:36:53,616 [DEBUG] [TaskbarService] [systray_widget/tasks_service.py:81]: Adding TaskbandHWND prop to hwnd 66362
2025-08-29 13:36:53,616 [DEBUG] [TrayMonitor] [systray_widget/tray_monitor.py:228]: Finding real tray hwnd
2025-08-29 13:36:53,628 [DEBUG] [MainThread] [systray_widget/tray_monitor.py:154]: Sending TaskbarCreated message: 49356
2025-08-29 13:36:54,655 [DEBUG] [MainThread] [systray_widget/systray.py:473]: Re-sorting widgets
2025-08-29 13:36:54,657 [DEBUG] [MainThread] [systray_widget/systray.py:495]: Updating current state
2025-08-29 13:36:57,572 [DEBUG] [MainThread] [systray_widget/systray.py:473]: Re-sorting widgets
2025-08-29 13:36:57,572 [DEBUG] [MainThread] [systray_widget/systray.py:495]: Updating current state
2025-08-29 13:37:02,823 [DEBUG] [MainThread] [systray_widget/systray.py:473]: Re-sorting widgets
2025-08-29 13:37:02,823 [DEBUG] [MainThread] [systray_widget/systray.py:495]: Updating current state
2025-08-29 14:04:57,256 [DEBUG] [MainThread] [systray_widget/systray.py:473]: Re-sorting widgets
2025-08-29 14:04:57,256 [DEBUG] [MainThread] [systray_widget/systray.py:495]: Updating current state
2025-08-29 14:14:56,945 [DEBUG] [MainThread] [systray_widget/systray.py:495]: Updating current state
2025-08-29 14:14:56,945 [DEBUG] [MainThread] [systray_widget/systray.py:513]: Saving state to disk
2025-08-29 14:14:56,945 [DEBUG] [MainThread] [systray_widget/systray.py:517]: Saving state to C:\Users\Quoopie\AppData\Local\YASB\systray_state_GIGABYTETECHNOLOGYCOLTDG24F222440B001173.json
2025-08-29 14:14:56,961 [DEBUG] [MainThread] [qasync._windows._EventPoller/_windows.py:218]: Stopping worker thread...
2025-08-29 14:14:56,973 [DEBUG] [Dummy-6] [qasync._windows._EventWorker/_windows.py:201]: Exiting thread
2025-08-29 14:14:56,974 [DEBUG] [MainThread] [qasync._windows._IocpProactor/_windows.py:75]: Closing
2025-08-29 14:14:57,004 [DEBUG] [MainThread] [systray_widget/utils.py:96]: Destroying window 66366
2025-08-29 14:14:57,004 [DEBUG] [MainThread] [systray_widget/utils.py:96]: Destroying window 66362
2025-08-30 15:04:22,106 [INFO] [MainThread] [root/log.py:59]: YASB v1.8.0
2025-08-30 15:04:22,106 [INFO] [Thread-1 (_run_server)] [cli_server/cli_server.py:212]: CLI server started v1.1.2
2025-08-30 15:04:22,106 [INFO] [MainThread] [cli_server/cli_server.py:104]: Log pipe server started
2025-08-30 15:04:22,525 [DEBUG] [MainThread] [tzlocal/win32.py:55]: Looking up time zone info from registry
2025-08-30 15:04:24,017 [DEBUG] [MainThread] [comtypes/__init__.py:149]: CoInitializeEx(None, 2)
2025-08-30 15:04:24,854 [INFO] [MainThread] [root/watcher.py:54]: Created file watcher for path C:\Users\Quoopie\.config\yasb
2025-08-30 15:04:24,932 [DEBUG] [MainThread] [qasync._windows._EventPoller/_windows.py:213]: Starting (proactor: <_IocpProactor overlapped#=0 result#=0>)...
2025-08-30 15:04:24,934 [DEBUG] [Dummy-6] [qasync._windows._EventWorker/_windows.py:192]: Thread started
2025-08-30 15:04:24,936 [DEBUG] [MainThread] [systray_widget/systray.py:535]: Loading state from C:\Users\Quoopie\AppData\Local\YASB\systray_state_GIGABYTETECHNOLOGYCOLTDG24F222440B001173.json
2025-08-30 15:04:24,939 [DEBUG] [TrayMonitor] [systray_widget/systray.py:58]: Systray thread is starting...
2025-08-30 15:04:24,940 [DEBUG] [TaskbarService] [systray_widget/systray.py:72]: TaskbarService thread is starting...
2025-08-30 15:04:24,941 [DEBUG] [MainThread] [systray_widget/systray.py:535]: Loading state from C:\Users\Quoopie\AppData\Local\YASB\systray_state_LGELECTRONICSLGULTRAGEAR404NTVSGM895.json
2025-08-30 15:04:24,942 [DEBUG] [TaskbarService] [root/tasks_service.py:75]: Found yasb systray hwnd: 66334
2025-08-30 15:04:24,942 [DEBUG] [TaskbarService] [systray_widget/tasks_service.py:81]: Adding TaskbandHWND prop to hwnd 66334
2025-08-30 15:04:25,012 [DEBUG] [MainThread] [systray_widget/systray.py:285]: Systray thread started
2025-08-30 15:04:25,214 [DEBUG] [TaskbarService] [systray_widget/tasks_service.py:81]: Adding TaskbandHWND prop to hwnd 66334
2025-08-30 15:04:25,214 [DEBUG] [TrayMonitor] [systray_widget/tray_monitor.py:228]: Finding real tray hwnd
2025-08-30 15:04:25,221 [DEBUG] [MainThread] [systray_widget/tray_monitor.py:154]: Sending TaskbarCreated message: 49356
2025-08-30 15:04:26,307 [DEBUG] [MainThread] [systray_widget/systray.py:473]: Re-sorting widgets
2025-08-30 15:04:26,308 [DEBUG] [MainThread] [systray_widget/systray.py:495]: Updating current state
2025-08-30 15:04:26,309 [DEBUG] [MainThread] [systray_widget/systray.py:473]: Re-sorting widgets
2025-08-30 15:04:26,309 [DEBUG] [MainThread] [systray_widget/systray.py:495]: Updating current state
2025-08-30 15:04:35,113 [DEBUG] [MainThread] [systray_widget/systray.py:473]: Re-sorting widgets
2025-08-30 15:04:35,113 [DEBUG] [MainThread] [systray_widget/systray.py:495]: Updating current state
2025-08-30 15:04:35,113 [DEBUG] [MainThread] [systray_widget/systray.py:473]: Re-sorting widgets
2025-08-30 15:04:35,113 [DEBUG] [MainThread] [systray_widget/systray.py:495]: Updating current state
2025-08-30 15:04:41,905 [INFO] [MainThread] [root/bar.py:147]: Screen geometry changed. Updating position for bar (primary-bar_LG ULTRAGEAR+_b7726e3c)
2025-08-30 15:04:44,008 [INFO] [MainThread] [root/bar.py:147]: Screen geometry changed. Updating position for bar (primary-bar_LG ULTRAGEAR+_b7726e3c)
2025-08-30 15:04:44,024 [INFO] [MainThread] [root/bar.py:147]: Screen geometry changed. Updating position for bar (primary-bar_G24F 2_74a58e03)
2025-08-30 15:05:09,105 [DEBUG] [MainThread] [systray_widget/systray.py:473]: Re-sorting widgets
2025-08-30 15:05:09,105 [DEBUG] [MainThread] [systray_widget/systray.py:495]: Updating current state
2025-08-30 15:05:09,105 [DEBUG] [MainThread] [systray_widget/systray.py:473]: Re-sorting widgets
2025-08-30 15:05:09,105 [DEBUG] [MainThread] [systray_widget/systray.py:495]: Updating current state
2025-08-30 15:08:16,361 [DEBUG] [MainThread] [systray_widget/systray.py:473]: Re-sorting widgets
2025-08-30 15:08:16,361 [DEBUG] [MainThread] [systray_widget/systray.py:495]: Updating current state
2025-08-30 15:08:16,361 [DEBUG] [MainThread] [systray_widget/systray.py:473]: Re-sorting widgets
2025-08-30 15:08:16,361 [DEBUG] [MainThread] [systray_widget/systray.py:495]: Updating current state
2025-08-30 15:08:19,007 [DEBUG] [MainThread] [systray_widget/systray.py:473]: Re-sorting widgets
2025-08-30 15:08:19,008 [DEBUG] [MainThread] [systray_widget/systray.py:495]: Updating current state
2025-08-30 15:08:19,008 [DEBUG] [MainThread] [systray_widget/systray.py:473]: Re-sorting widgets
2025-08-30 15:08:19,008 [DEBUG] [MainThread] [systray_widget/systray.py:495]: Updating current state
2025-08-30 15:08:23,498 [INFO] [MainThread] [root/bar.py:147]: Screen geometry changed. Updating position for bar (primary-bar_LG ULTRAGEAR+_b7726e3c)
2025-08-30 15:08:25,075 [INFO] [MainThread] [root/bar.py:147]: Screen geometry changed. Updating position for bar (primary-bar_G24F 2_74a58e03)
2025-08-30 15:09:07,481 [INFO] [MainThread] [root/bar.py:147]: Screen geometry changed. Updating position for bar (primary-bar_LG ULTRAGEAR+_b7726e3c)
2025-08-30 15:09:07,550 [INFO] [MainThread] [root/bar.py:147]: Screen geometry changed. Updating position for bar (primary-bar_G24F 2_74a58e03)
